{
 "baseUrl":"support/slwebview_files",
 "homeHid":1,
 "initialElement":"",
 "sections":[
  {
   "hid":1,
   "sid":"IAEKF",
   "name":"IAEKF",
   "fullname":"IAEKF",
   "label":"IAEKF*",
   "parent":0,
   "descendants":[
    2,
    3,
    21,
    4,
    20,
    5,
    19,
    6,
    18,
    7,
    17,
    8,
    11,
    14,
    15,
    16,
    12,
    13,
    9,
    10
   ],
   "hierarchyUrl":"support/slwebview_files/IAEKF_h_1.json",
   "backingUrl":"support/slwebview_files/IAEKF_m.json"
  }
 ],
 "optViews":[
 ],
 "display":{
  "informer":false
 },
 "iconsUrl":"support/slwebview_files/IAEKF_icons.css"
}