[
 {
  "hid":1,
  "sid":"IAEKF",
  "esid":"",
  "parent":0,
  "children":[
   2
  ],
  "name":"IAEKF",
  "fullname":"IAEKF",
  "label":"IAEKF",
  "icon":"IAEKF0",
  "svg":"support/slwebview_files/IAEKF_d.svg",
  "thumbnail":"support/slwebview_files/IAEKF_d.png",
  "backingUrl":"support/slwebview_files/IAEKF_d.json",
  "elements":[
   ":2042",
   ":3345",
   ":3346",
   ":3347",
   ":3348",
   ":3349",
   ":3350",
   ":3351",
   ":3352",
   ":3353",
   ":3345#out:1",
   ":3346#out:1",
   ":2042#out:1",
   ":2042#out:2",
   ":2042#out:3",
   ":2042#out:4",
   ":2042#out:5",
   ":2042#out:6",
   ":2042#out:7"
  ],
  "sameAsElement":false
 },
 {
  "hid":2,
  "sid":"IAEKF:2042",
  "esid":"IAEKF:2042",
  "parent":1,
  "children":[
   3,
   4,
   5,
   6,
   7,
   8,
   9
  ],
  "name":"ARM-Cortex STM32F103",
  "fullname":"IAEKF/ARM-Cortex STM32F103",
  "label":"ARM-Cortex STM32F103",
  "icon":"IAEKF1",
  "svg":"support/slwebview_files/IAEKF_2042_d.svg",
  "thumbnail":"support/slwebview_files/IAEKF_2042_d.png",
  "backingUrl":"support/slwebview_files/IAEKF_2042_d.json",
  "elements":[
   ":2043",
   ":2044",
   ":2174",
   ":2175",
   ":2172",
   ":2173",
   ":2168",
   ":2169",
   ":2045",
   ":2176",
   ":3026",
   ":3027",
   ":3007",
   ":3028",
   ":113",
   ":3040",
   ":3081",
   ":3082",
   ":3083",
   ":3142",
   ":3143",
   ":3122",
   ":3166",
   ":3167",
   ":3146",
   ":3190",
   ":3191",
   ":3170",
   ":3214",
   ":3215",
   ":3194",
   ":3341",
   ":3342",
   ":3343",
   ":3344",
   ":2175#out:1",
   ":2044#out:1",
   ":2174#out:1",
   ":2045#out:1",
   ":2169#out:1",
   ":2168#out:1",
   ":2043#out:1",
   ":3026#out:1",
   ":3007#out:1",
   ":3027#out:1",
   ":113#out:1",
   ":3040#out:1",
   ":3081#out:1",
   ":3082#out:1",
   ":3143#out:1",
   ":3142#out:1",
   ":3166#out:1",
   ":3167#out:1",
   ":3190#out:1",
   ":3191#out:1",
   ":3214#out:1",
   ":3215#out:1",
   ":3122#out:1",
   ":3146#out:1",
   ":3170#out:1",
   ":3194#out:1"
  ],
  "sameAsElement":true
 },
 {
  "hid":3,
  "sid":"IAEKF:2045",
  "esid":"IAEKF:2045",
  "parent":2,
  "children":[
   21
  ],
  "name":"AEKF1",
  "fullname":"IAEKF/ARM-Cortex STM32F103/AEKF1",
  "label":"AEKF1",
  "icon":"IAEKF1",
  "svg":"support/slwebview_files/IAEKF_2045_d.svg",
  "thumbnail":"support/slwebview_files/IAEKF_2045_d.png",
  "backingUrl":"support/slwebview_files/IAEKF_2045_d.json",
  "elements":[
   ":2048",
   ":2062",
   ":2046",
   ":2047",
   ":2063",
   ":3032",
   ":3475",
   ":2047#out:1",
   ":2046#out:1",
   ":2048#out:1",
   ":3032#out:1",
   ":2062#out:1",
   ":3475#out:1",
   ":3475#out:2",
   ":3475#out:4",
   ":3475#out:3",
   ":3475#out:5"
  ],
  "sameAsElement":true
 },
 {
  "hid":21,
  "sid":"IAEKF:3475",
  "esid":"IAEKF:3475",
  "parent":3,
  "children":[
  ],
  "name":"Subsystem1",
  "fullname":"IAEKF/ARM-Cortex STM32F103/AEKF1/Subsystem1",
  "label":"Subsystem1",
  "icon":"IAEKF1",
  "svg":"support/slwebview_files/IAEKF_3475_d.svg",
  "thumbnail":"support/slwebview_files/IAEKF_3475_d.png",
  "backingUrl":"support/slwebview_files/IAEKF_3475_d.json",
  "elements":[
   ":3482",
   ":3476",
   ":3478",
   ":3480",
   ":3479",
   ":3481",
   ":3477",
   ":3483",
   ":3484",
   ":3485",
   ":3486",
   ":3477#out:1",
   ":3476#out:1",
   ":3480#out:1",
   ":3478#out:1",
   ":3479#out:1",
   ":3481#out:1"
  ],
  "sameAsElement":true
 },
 {
  "hid":4,
  "sid":"IAEKF:3194",
  "esid":"IAEKF:3194",
  "parent":2,
  "children":[
   20
  ],
  "name":"AEKF_02",
  "fullname":"IAEKF/ARM-Cortex STM32F103/AEKF_02",
  "label":"AEKF_02",
  "icon":"IAEKF1",
  "svg":"support/slwebview_files/IAEKF_3194_d.svg",
  "thumbnail":"support/slwebview_files/IAEKF_3194_d.png",
  "backingUrl":"support/slwebview_files/IAEKF_3194_d.json",
  "elements":[
   ":3198",
   ":3212",
   ":3195",
   ":3196",
   ":3213",
   ":3199",
   ":3197",
   ":3463",
   ":3196#out:1",
   ":3195#out:1",
   ":3198#out:1",
   ":3197#out:1",
   ":3212#out:1",
   ":3463#out:4",
   ":3463#out:1",
   ":3463#out:2",
   ":3463#out:5",
   ":3463#out:3"
  ],
  "sameAsElement":true
 },
 {
  "hid":20,
  "sid":"IAEKF:3463",
  "esid":"IAEKF:3463",
  "parent":4,
  "children":[
  ],
  "name":"Subsystem",
  "fullname":"IAEKF/ARM-Cortex STM32F103/AEKF_02/Subsystem",
  "label":"Subsystem",
  "icon":"IAEKF1",
  "svg":"support/slwebview_files/IAEKF_3463_d.svg",
  "thumbnail":"support/slwebview_files/IAEKF_3463_d.png",
  "backingUrl":"support/slwebview_files/IAEKF_3463_d.json",
  "elements":[
   ":3470",
   ":3464",
   ":3466",
   ":3468",
   ":3467",
   ":3469",
   ":3465",
   ":3471",
   ":3472",
   ":3473",
   ":3474",
   ":3465#out:1",
   ":3464#out:1",
   ":3468#out:1",
   ":3466#out:1",
   ":3467#out:1",
   ":3469#out:1"
  ],
  "sameAsElement":true
 },
 {
  "hid":5,
  "sid":"IAEKF:3170",
  "esid":"IAEKF:3170",
  "parent":2,
  "children":[
   19
  ],
  "name":"AEKF_04",
  "fullname":"IAEKF/ARM-Cortex STM32F103/AEKF_04",
  "label":"AEKF_04",
  "icon":"IAEKF1",
  "svg":"support/slwebview_files/IAEKF_3170_d.svg",
  "thumbnail":"support/slwebview_files/IAEKF_3170_d.png",
  "backingUrl":"support/slwebview_files/IAEKF_3170_d.json",
  "elements":[
   ":3174",
   ":3188",
   ":3171",
   ":3172",
   ":3189",
   ":3175",
   ":3173",
   ":3451",
   ":3172#out:1",
   ":3171#out:1",
   ":3174#out:1",
   ":3173#out:1",
   ":3451#out:4",
   ":3451#out:5",
   ":3451#out:1",
   ":3188#out:1",
   ":3451#out:3",
   ":3451#out:2"
  ],
  "sameAsElement":true
 },
 {
  "hid":19,
  "sid":"IAEKF:3451",
  "esid":"IAEKF:3451",
  "parent":5,
  "children":[
  ],
  "name":"Subsystem",
  "fullname":"IAEKF/ARM-Cortex STM32F103/AEKF_04/Subsystem",
  "label":"Subsystem",
  "icon":"IAEKF1",
  "svg":"support/slwebview_files/IAEKF_3451_d.svg",
  "thumbnail":"support/slwebview_files/IAEKF_3451_d.png",
  "backingUrl":"support/slwebview_files/IAEKF_3451_d.json",
  "elements":[
   ":3458",
   ":3452",
   ":3454",
   ":3456",
   ":3455",
   ":3457",
   ":3453",
   ":3459",
   ":3460",
   ":3461",
   ":3462",
   ":3453#out:1",
   ":3452#out:1",
   ":3456#out:1",
   ":3454#out:1",
   ":3455#out:1",
   ":3457#out:1"
  ],
  "sameAsElement":true
 },
 {
  "hid":6,
  "sid":"IAEKF:3146",
  "esid":"IAEKF:3146",
  "parent":2,
  "children":[
   18
  ],
  "name":"AEKF_06",
  "fullname":"IAEKF/ARM-Cortex STM32F103/AEKF_06",
  "label":"AEKF_06",
  "icon":"IAEKF1",
  "svg":"support/slwebview_files/IAEKF_3146_d.svg",
  "thumbnail":"support/slwebview_files/IAEKF_3146_d.png",
  "backingUrl":"support/slwebview_files/IAEKF_3146_d.json",
  "elements":[
   ":3150",
   ":3164",
   ":3147",
   ":3148",
   ":3165",
   ":3151",
   ":3149",
   ":3439",
   ":3148#out:1",
   ":3147#out:1",
   ":3150#out:1",
   ":3149#out:1",
   ":3439#out:1",
   ":3439#out:3",
   ":3439#out:4",
   ":3439#out:5",
   ":3439#out:2",
   ":3164#out:1"
  ],
  "sameAsElement":true
 },
 {
  "hid":18,
  "sid":"IAEKF:3439",
  "esid":"IAEKF:3439",
  "parent":6,
  "children":[
  ],
  "name":"Subsystem1",
  "fullname":"IAEKF/ARM-Cortex STM32F103/AEKF_06/Subsystem1",
  "label":"Subsystem1",
  "icon":"IAEKF1",
  "svg":"support/slwebview_files/IAEKF_3439_d.svg",
  "thumbnail":"support/slwebview_files/IAEKF_3439_d.png",
  "backingUrl":"support/slwebview_files/IAEKF_3439_d.json",
  "elements":[
   ":3446",
   ":3440",
   ":3442",
   ":3444",
   ":3443",
   ":3445",
   ":3441",
   ":3447",
   ":3448",
   ":3449",
   ":3450",
   ":3441#out:1",
   ":3440#out:1",
   ":3444#out:1",
   ":3442#out:1",
   ":3443#out:1",
   ":3445#out:1"
  ],
  "sameAsElement":true
 },
 {
  "hid":7,
  "sid":"IAEKF:3122",
  "esid":"IAEKF:3122",
  "parent":2,
  "children":[
   17
  ],
  "name":"AEKF_08",
  "fullname":"IAEKF/ARM-Cortex STM32F103/AEKF_08",
  "label":"AEKF_08",
  "icon":"IAEKF1",
  "svg":"support/slwebview_files/IAEKF_3122_d.svg",
  "thumbnail":"support/slwebview_files/IAEKF_3122_d.png",
  "backingUrl":"support/slwebview_files/IAEKF_3122_d.json",
  "elements":[
   ":3126",
   ":3140",
   ":3123",
   ":3124",
   ":3141",
   ":3127",
   ":3125",
   ":3427",
   ":3124#out:1",
   ":3123#out:1",
   ":3126#out:1",
   ":3125#out:1",
   ":3140#out:1",
   ":3427#out:2",
   ":3427#out:3",
   ":3427#out:1",
   ":3427#out:5",
   ":3427#out:4"
  ],
  "sameAsElement":true
 },
 {
  "hid":17,
  "sid":"IAEKF:3427",
  "esid":"IAEKF:3427",
  "parent":7,
  "children":[
  ],
  "name":"Subsystem",
  "fullname":"IAEKF/ARM-Cortex STM32F103/AEKF_08/Subsystem",
  "label":"Subsystem",
  "icon":"IAEKF1",
  "svg":"support/slwebview_files/IAEKF_3427_d.svg",
  "thumbnail":"support/slwebview_files/IAEKF_3427_d.png",
  "backingUrl":"support/slwebview_files/IAEKF_3427_d.json",
  "elements":[
   ":3434",
   ":3428",
   ":3430",
   ":3432",
   ":3431",
   ":3433",
   ":3429",
   ":3435",
   ":3436",
   ":3437",
   ":3438",
   ":3429#out:1",
   ":3428#out:1",
   ":3432#out:1",
   ":3430#out:1",
   ":3431#out:1",
   ":3433#out:1"
  ],
  "sameAsElement":true
 },
 {
  "hid":8,
  "sid":"IAEKF:3040",
  "esid":"IAEKF:3040",
  "parent":2,
  "children":[
   11,
   12,
   13
  ],
  "name":"EKF_simulink2",
  "fullname":"IAEKF/ARM-Cortex STM32F103/EKF_simulink2",
  "label":"EKF_simulink2",
  "icon":"IAEKF1",
  "svg":"support/slwebview_files/IAEKF_3040_d.svg",
  "thumbnail":"support/slwebview_files/IAEKF_3040_d.png",
  "backingUrl":"support/slwebview_files/IAEKF_3040_d.json",
  "elements":[
   ":3041",
   ":3042",
   ":3043",
   ":3044",
   ":3080",
   ":3045",
   ":3058",
   ":3046",
   ":3042#out:1",
   ":3043#out:1",
   ":3044#out:1",
   ":3041#out:1"
  ],
  "sameAsElement":true
 },
 {
  "hid":11,
  "sid":"IAEKF:3043",
  "esid":"IAEKF:3043",
  "parent":8,
  "children":[
   14,
   15,
   16
  ],
  "name":"EKF",
  "fullname":"IAEKF/ARM-Cortex STM32F103/EKF_simulink2/EKF",
  "label":"EKF",
  "icon":"IAEKF2",
  "svg":"support/slwebview_files/IAEKF_3043_d.svg",
  "thumbnail":"support/slwebview_files/IAEKF_3043_d.png",
  "backingUrl":"support/slwebview_files/IAEKF_3043_d.json",
  "elements":[
   ":3043:1",
   ":3043:13",
   ":3043:14",
   ":3043:481",
   ":3043:483",
   ":3043:494",
   ":3043:496",
   ":3043:530",
   ":3043:531",
   ":3043:532",
   ":3043:713",
   ":3043:707",
   ":3043:796",
   ":3043:828",
   ":3043:853",
   ":3043:854",
   ":3043:934",
   ":3043:936",
   ":3043:937",
   ":3043:938",
   ":3043:942",
   ":3043:943",
   ":3043:944",
   ":3043:945",
   ":3043:946",
   ":3043:947",
   ":3043:948",
   ":3043:959",
   ":3043:947#out:1",
   ":3043:707#out:3",
   ":3043:945#out:1",
   ":3043:959#out:1",
   ":3043:943#out:1",
   ":3043:938#out:1",
   ":3043:853#out:1",
   ":3043:483#out:1",
   ":3043:854#out:1",
   ":3043:481#out:1",
   ":3043:828#out:1",
   ":3043:796#out:1",
   ":3043:707#out:1",
   ":3043:707#out:2",
   ":3043:494#out:1",
   ":3043:532#out:1",
   ":3043:496#out:1",
   ":3043:530#out:1",
   ":3043:531#out:1",
   ":3043:13#out:1"
  ],
  "sameAsElement":true
 },
 {
  "hid":14,
  "sid":"IAEKF:3043:959",
  "esid":"IAEKF:3043:959",
  "parent":11,
  "children":[
  ],
  "name":"Correct1",
  "fullname":"IAEKF/ARM-Cortex STM32F103/EKF_simulink2/EKF/Correct1",
  "label":"Correct1",
  "icon":"IAEKF2",
  "svg":"support/slwebview_files/IAEKF_3043_959_d.svg",
  "thumbnail":"support/slwebview_files/IAEKF_3043_959_d.png",
  "backingUrl":"support/slwebview_files/IAEKF_3043_959_d.json",
  "elements":[
   ":3043:959:12",
   ":3043:959:8",
   ":3043:959:11",
   ":3043:959:10",
   ":3043:959:9",
   ":3043:959:5",
   ":3043:959:6",
   ":3043:959:7",
   ":3043:959:78",
   ":3043:959:80",
   ":3043:959:81",
   ":3043:959:82",
   ":3043:959:78#out:1",
   ":3043:959:81#out:1",
   ":3043:959:8#out:3",
   ":3043:959:8#out:1",
   ":3043:959:6#out:1",
   ":3043:959:5#out:1",
   ":3043:959:8#out:2",
   ":3043:959:9#out:1",
   ":3043:959:10#out:1"
  ],
  "sameAsElement":true
 },
 {
  "hid":15,
  "sid":"IAEKF:3043:707",
  "esid":"IAEKF:3043:707",
  "parent":11,
  "children":[
  ],
  "name":"Output",
  "fullname":"IAEKF/ARM-Cortex STM32F103/EKF_simulink2/EKF/Output",
  "label":"Output",
  "icon":"IAEKF1",
  "svg":"support/slwebview_files/IAEKF_3043_707_d.svg",
  "thumbnail":"support/slwebview_files/IAEKF_3043_707_d.png",
  "backingUrl":"support/slwebview_files/IAEKF_3043_707_d.json",
  "elements":[
   ":3043:710",
   ":3043:708",
   ":3043:709",
   ":3043:711",
   ":3043:939",
   ":3043:940",
   ":3043:960",
   ":3043:960#out:1",
   ":3043:939#out:1",
   ":3043:709#out:1",
   ":3043:708#out:1"
  ],
  "sameAsElement":true
 },
 {
  "hid":16,
  "sid":"IAEKF:3043:948",
  "esid":"IAEKF:3043:948",
  "parent":11,
  "children":[
  ],
  "name":"Predict",
  "fullname":"IAEKF/ARM-Cortex STM32F103/EKF_simulink2/EKF/Predict",
  "label":"Predict",
  "icon":"IAEKF5",
  "svg":"support/slwebview_files/IAEKF_3043_948_d.svg",
  "thumbnail":"support/slwebview_files/IAEKF_3043_948_d.png",
  "backingUrl":"support/slwebview_files/IAEKF_3043_948_d.json",
  "elements":[
   ":3043:953",
   ":3043:956",
   ":3043:952",
   ":3043:955",
   ":3043:954",
   ":3043:949",
   ":3043:950",
   ":3043:957",
   ":3043:951",
   ":3043:950#out:1",
   ":3043:951#out:1",
   ":3043:955#out:1",
   ":3043:956#out:1",
   ":3043:949#out:1",
   ":3043:956#out:2",
   ":3043:954#out:1"
  ],
  "sameAsElement":true
 },
 {
  "hid":12,
  "sid":"IAEKF:3046",
  "esid":"IAEKF:3046",
  "parent":8,
  "children":[
  ],
  "name":"Simulink Function - Measurement Function2",
  "fullname":"IAEKF/ARM-Cortex STM32F103/EKF_simulink2/Simulink Function - Measurement Function2",
  "label":"Simulink Function - Measurement Function2",
  "icon":"IAEKF1",
  "svg":"support/slwebview_files/IAEKF_3046_d.svg",
  "thumbnail":"support/slwebview_files/IAEKF_3046_d.png",
  "backingUrl":"support/slwebview_files/IAEKF_3046_d.json",
  "elements":[
   ":3056",
   ":3048",
   ":3051",
   ":3052",
   ":3057",
   ":3049",
   ":3050",
   ":3047",
   ":3054",
   ":3055",
   ":3053",
   ":3056#out:1",
   ":3051#out:1",
   ":3050#out:1",
   ":3049#out:1",
   ":3055#out:1",
   ":3047#out:1",
   ":3054#out:1",
   ":3053#out:1",
   ":3052#out:1"
  ],
  "sameAsElement":true
 },
 {
  "hid":13,
  "sid":"IAEKF:3058",
  "esid":"IAEKF:3058",
  "parent":8,
  "children":[
  ],
  "name":"Simulink Function - State Transition Function2",
  "fullname":"IAEKF/ARM-Cortex STM32F103/EKF_simulink2/Simulink Function - State Transition Function2",
  "label":"Simulink Function - State Transition Function2",
  "icon":"IAEKF1",
  "svg":"support/slwebview_files/IAEKF_3058_d.svg",
  "thumbnail":"support/slwebview_files/IAEKF_3058_d.png",
  "backingUrl":"support/slwebview_files/IAEKF_3058_d.json",
  "elements":[
   ":3079",
   ":3078",
   ":3060",
   ":3061",
   ":3059",
   ":3073",
   ":3076",
   ":3067",
   ":3075",
   ":3062",
   ":3072",
   ":3074",
   ":3077",
   ":3068",
   ":3063",
   ":3069",
   ":3064",
   ":3070",
   ":3071",
   ":3065",
   ":3066",
   ":3078#out:1",
   ":3061#out:1",
   ":3067#out:1",
   ":3062#out:1",
   ":3075#out:1",
   ":3072#out:1",
   ":3076#out:1",
   ":3063#out:1",
   ":3073#out:1",
   ":3064#out:1",
   ":3077#out:1",
   ":3065#out:1",
   ":3074#out:1",
   ":3066#out:1",
   ":3059#out:1"
  ],
  "sameAsElement":true
 },
 {
  "hid":9,
  "sid":"IAEKF:3007",
  "esid":"IAEKF:3007",
  "parent":2,
  "children":[
   10
  ],
  "name":"IEKF",
  "fullname":"IAEKF/ARM-Cortex STM32F103/IEKF",
  "label":"IEKF",
  "icon":"IAEKF1",
  "svg":"support/slwebview_files/IAEKF_3007_d.svg",
  "thumbnail":"support/slwebview_files/IAEKF_3007_d.png",
  "backingUrl":"support/slwebview_files/IAEKF_3007_d.json",
  "elements":[
   ":3010",
   ":3024",
   ":3008",
   ":3009",
   ":3025",
   ":3031",
   ":3033",
   ":3487",
   ":3009#out:1",
   ":3008#out:1",
   ":3010#out:1",
   ":3031#out:1",
   ":3033#out:1",
   ":3487#out:1",
   ":3487#out:3",
   ":3024#out:1",
   ":3487#out:2",
   ":3487#out:4",
   ":3487#out:5"
  ],
  "sameAsElement":true
 },
 {
  "hid":10,
  "sid":"IAEKF:3487",
  "esid":"IAEKF:3487",
  "parent":9,
  "children":[
  ],
  "name":"Subsystem1",
  "fullname":"IAEKF/ARM-Cortex STM32F103/IEKF/Subsystem1",
  "label":"Subsystem1",
  "icon":"IAEKF1",
  "svg":"support/slwebview_files/IAEKF_3487_d.svg",
  "thumbnail":"support/slwebview_files/IAEKF_3487_d.png",
  "backingUrl":"support/slwebview_files/IAEKF_3487_d.json",
  "elements":[
   ":3494",
   ":3488",
   ":3490",
   ":3492",
   ":3491",
   ":3493",
   ":3489",
   ":3495",
   ":3496",
   ":3497",
   ":3498",
   ":3489#out:1",
   ":3488#out:1",
   ":3492#out:1",
   ":3490#out:1",
   ":3491#out:1",
   ":3493#out:1"
  ],
  "sameAsElement":true
 }
]