[
 {
  "sid":"IAEKF:3043:953",
  "className":"Simulink.DataStoreWrite",
  "icon":"IAEKF2",
  "name":"Data Store WriteX",
  "label":"Data Store WriteX",
  "parent":"IAEKF:3043:948",
  "inspector":{
   "params":[
    "DataStoreName",
    "SampleTime",
    "DataStoreElements",
    "EnableIndexing",
    "IndexMode",
    "IndexOptionArray",
    "IndexOptions",
    "IndexParamArray",
    "Indices",
    "NumberOfDimensions",
    "OutputSizeArray",
    "OutputSizes"
   ],
   "values":[
    "x",
    "-1",
    "",
    "off",
    "One-based",
    "Index vector (dialog)",
    "Index vector (dialog)",
    "1",
    "1",
    "1",
    "1",
    "1"
   ],
   "tabs":[
    "参数",
    "-Other"
   ],
   "tabs_idx":[
    0,
    2
   ]
  },
  "viewer":{
   "jshandler":"webview/handlers/ElementLinkHandler",
   "destinations":[
    "IAEKF:3043:955",
    "IAEKF:3043:708",
    "IAEKF:3043:959:10"
   ]
  },
  "obj_viewer":[
  ],
  "finder":{
   "blocktype":"DataStoreWrite",
   "masktype":""
  }
 },
 {
  "sid":"IAEKF:3043:956",
  "className":"Simulink.SubSystem",
  "icon":"IAEKF6",
  "name":"Predict",
  "label":"Predict",
  "parent":"IAEKF:3043:948",
  "inspector":{
   "params":[
    "ShowPortLabels",
    "Permissions",
    "ErrorFcn",
    "PermitHierarchicalResolution",
    "TreatAsAtomicUnit",
    "TreatAsGroupedWhenPropagatingVariantConditions",
    "RTWSystemCode",
    "AllowZeroVariantControls",
    "AutoFrameSizeCalculation",
    "BlockChoice",
    "CompiledActiveChoiceBlock",
    "CompiledActiveChoiceControl",
    "ExecutionDomainType",
    "FunctionInterfaceSpec",
    "FunctionWithSeparateData",
    "IsSubsystemVirtual",
    "LabelModeActiveChoice",
    "Latency",
    "MemberBlocks",
    "MinAlgLoopOccurrences",
    "PartitionName",
    "PropagateVariantConditions",
    "RTWFcnName",
    "RTWFcnNameOpts",
    "RTWFileName",
    "RTWFileNameOpts",
    "RTWMemSecDataConstants",
    "RTWMemSecDataInternal",
    "RTWMemSecDataParameters",
    "RTWMemSecFuncExecute",
    "RTWMemSecFuncInitTerm",
    "ReferencedSubsystem",
    "ScheduleAs",
    "SetExecutionDomain",
    "SystemSampleTime",
    "TemplateBlock",
    "Variant",
    "VariantActivationTime",
    "VariantChoices",
    "VariantControl",
    "VariantControlMode"
   ],
   "values":[
    "FromPortIcon",
    "ReadWrite",
    "Stateflow.Translate.translate",
    "ExplicitOnly",
    "on",
    "on",
    "Auto",
    "off",
    "off",
    "",
    "",
    "",
    "Deduce",
    "void_void",
    "off",
    "off",
    "",
    "0",
    "",
    "off",
    "",
    "off",
    "",
    "Auto",
    "",
    "Auto",
    "Inherit from model",
    "Inherit from model",
    "Inherit from model",
    "Inherit from model",
    "Inherit from model",
    "",
    "Sample time",
    "off",
    "-1",
    "",
    "off",
    "update diagram",
    [
    ],
    "",
    "expression"
   ],
   "tabs":[
    "主要",
    "代码生成",
    "-Other"
   ],
   "tabs_idx":[
    0,
    6,
    7
   ]
  },
  "viewer":{
   "jshandler":"webview/handlers/ElementHandler"
  },
  "obj_viewer":{
   "code":"function [xNew,P] = fcn(x,P,Q,uState,~,pS)\n% ekfCorrect Prediction step for EKF\n%\n%   Copyright 2016-2021 The MathWorks, Inc.\n\n%#codegen\n\n% If process noise is time-varying then compute square-root\n% factorization.\nif pS.HasTimeVaryingQ\n   Q = matlabshared.tracking.internal.svdPSD(Q);\nend\n\n% Construct fcn handles\nif pS.IsSimulinkFcn\n    StateTransitionJacobianFcnH_SL = str2func(pS.FcnName);\n    if pS.HasAdditiveNoise\n        StateTransitionFcnH = @(fState)StateTransitionJacobianFcnH_SL(fState);\n    else\n        StateTransitionFcnH = @(fState,fProcNoise)StateTransitionJacobianFcnH_SL(fState,fProcNoise);\n    end\nelse\n    StateTransitionFcnH = str2func(pS.FcnName);\nend\nif pS.HasJacobian\n    if pS.IsSimulinkFcn\n        StateTransitionJacobianFcnH_SL = str2func(pS.JacobianFcnName);\n        if pS.HasAdditiveNoise\n            StateTransitionJacobianFcnH = @(fState)StateTransitionJacobianFcnH_SL(fState);\n        else\n            StateTransitionJacobianFcnH = @(fState,fProcNoise)StateTransitionJacobianFcnH_SL(fState,fProcNoise);\n        end\n    else\n        StateTransitionJacobianFcnH = str2func(pS.JacobianFcnName);\n    end\nelse\n    StateTransitionJacobianFcnH = [];\nend\n\nswitch pS.NumberOfExtraArgumentInports\n    case 0\n        extraArgs = {};\n    case 1\n        extraArgs = {uState};\n    otherwise\n        assert(false);\nend\n\n% Check if dimensions and type of State and Jacobian are correct\nif pS.HasAdditiveNoise\n   % Additive noise\n   \n   % StateTransitionFcn\n   xTry = StateTransitionFcnH(x, extraArgs{:});\n   \n   if pS.IsSimulinkFcn\n      hasError = any(size(x) ~= size(xTry));\n   else\n      hasError = any(size(x) ~= size(xTry)) || ~isa(xTry, class(x));\n   end\n   \n   coder.internal.errorIf(...\n      hasError,...\n      'shared_tracking:ExtendedKalmanFilter:StateNonMatchingSizeOrClass',...\n      'StateTransitionFcn', 'State', numel(x));\n   \n   if pS.HasJacobian\n      % Jacobian\n      F = StateTransitionJacobianFcnH(x, extraArgs{:});\n      % F needs to be square\n      isSizeNotCorrect = ~all(size(F) == numel(x));\n      \n      if pS.IsSimulinkFcn\n         hasError = isSizeNotCorrect;\n      else\n         hasError = isSizeNotCorrect || ~isa(F, class(x));\n      end\n      \n      coder.internal.errorIf(...\n         hasError,...\n         'shared_tracking:ExtendedKalmanFilter:StateTransitionJacobianNonMatchingSizeOrClass',...\n         'StateTransitionJacobianFcn', numel(x));\n   end\nelse\n   % Non-additive noise\n   \n   % StateTransitionFcn\n   xTry = StateTransitionFcnH(x, zeros(size(Q,1),1,'like',x),extraArgs{:});\n   \n   if pS.IsSimulinkFcn\n      hasError = any(size(x) ~= size(xTry));\n   else\n      hasError = any(size(x) ~= size(xTry)) || ~isa(xTry, class(x));\n   end\n   \n   coder.internal.errorIf(...\n      hasError,...\n      'shared_tracking:ExtendedKalmanFilter:StateNonMatchingSizeOrClass',...\n      'StateTransitionFcn', 'State', numel(x))\n   \n   if pS.HasJacobian\n      % Jacobian\n      F = StateTransitionJacobianFcnH(x, zeros(size(Q,1),1,'like',x),extraArgs{:});\n      % F needs to be square\n      isSizeNotCorrect = ~all(size(F) == numel(x));\n      \n      if pS.IsSimulinkFcn\n         hasError = isSizeNotCorrect;\n      else\n         hasError = isSizeNotCorrect || ~isa(F, class(x));\n      end\n       \n      coder.internal.errorIf(...\n         hasError,...\n         'shared_tracking:ExtendedKalmanFilter:StateTransitionJacobianNonMatchingSizeOrClass',...\n         'StateTransitionJacobianFcn', numel(x));\n   end\nend\n\nxNew = zeros(size(x),'like',x); %#ok<PREALL>\n\nif pS.HasAdditiveNoise\n    [xNew,P] = matlabshared.tracking.internal.EKFPredictorAdditive.predict(...\n        Q,x,P,StateTransitionFcnH,StateTransitionJacobianFcnH,extraArgs{:});\nelse    \n    [xNew,P] = matlabshared.tracking.internal.EKFPredictorNonAdditive.predict(...\n        Q,x,P,StateTransitionFcnH,StateTransitionJacobianFcnH,extraArgs{:});\nend\nend",
   "code_sid":"IAEKF:3043:956:1"
  },
  "finder":{
   "blocktype":"SubSystem",
   "masktype":""
  }
 },
 {
  "sid":"IAEKF:3043:952",
  "className":"Simulink.DataStoreWrite",
  "icon":"IAEKF2",
  "name":"Data Store WriteP",
  "label":"Data Store WriteP",
  "parent":"IAEKF:3043:948",
  "inspector":{
   "params":[
    "DataStoreName",
    "SampleTime",
    "DataStoreElements",
    "EnableIndexing",
    "IndexMode",
    "IndexOptionArray",
    "IndexOptions",
    "IndexParamArray",
    "Indices",
    "NumberOfDimensions",
    "OutputSizeArray",
    "OutputSizes"
   ],
   "values":[
    "P",
    "-1",
    "",
    "off",
    "One-based",
    "Index vector (dialog)",
    "Index vector (dialog)",
    "1",
    "1",
    "1",
    "1",
    "1"
   ],
   "tabs":[
    "参数",
    "-Other"
   ],
   "tabs_idx":[
    0,
    2
   ]
  },
  "viewer":{
   "jshandler":"webview/handlers/ElementLinkHandler",
   "destinations":[
    "IAEKF:3043:954",
    "IAEKF:3043:709",
    "IAEKF:3043:959:9"
   ]
  },
  "obj_viewer":[
  ],
  "finder":{
   "blocktype":"DataStoreWrite",
   "masktype":""
  }
 },
 {
  "sid":"IAEKF:3043:955",
  "className":"Simulink.DataStoreRead",
  "icon":"IAEKF2",
  "name":"Data Store ReadX",
  "label":"Data Store ReadX",
  "parent":"IAEKF:3043:948",
  "inspector":{
   "params":[
    "DataStoreName",
    "SampleTime",
    "DataStoreElements",
    "EnableIndexing",
    "IndexMode",
    "IndexOptionArray",
    "IndexOptions",
    "IndexParamArray",
    "Indices",
    "NumberOfDimensions",
    "OutputSizeArray",
    "OutputSizes"
   ],
   "values":[
    "x",
    "-1",
    "",
    "off",
    "One-based",
    "Index vector (dialog)",
    "Index vector (dialog)",
    "1",
    "1",
    "1",
    "1",
    "1"
   ],
   "tabs":[
    "参数",
    "-Other"
   ],
   "tabs_idx":[
    0,
    2
   ]
  },
  "viewer":{
   "jshandler":"webview/handlers/ElementLinkHandler",
   "destinations":[
    "IAEKF:3043:953",
    "IAEKF:3043:959:12"
   ]
  },
  "obj_viewer":[
  ],
  "finder":{
   "blocktype":"DataStoreRead",
   "masktype":""
  }
 },
 {
  "sid":"IAEKF:3043:954",
  "className":"Simulink.DataStoreRead",
  "icon":"IAEKF2",
  "name":"Data Store ReadP",
  "label":"Data Store ReadP",
  "parent":"IAEKF:3043:948",
  "inspector":{
   "params":[
    "DataStoreName",
    "SampleTime",
    "DataStoreElements",
    "EnableIndexing",
    "IndexMode",
    "IndexOptionArray",
    "IndexOptions",
    "IndexParamArray",
    "Indices",
    "NumberOfDimensions",
    "OutputSizeArray",
    "OutputSizes"
   ],
   "values":[
    "P",
    "-1",
    "",
    "off",
    "One-based",
    "Index vector (dialog)",
    "Index vector (dialog)",
    "1",
    "1",
    "1",
    "1",
    "1"
   ],
   "tabs":[
    "参数",
    "-Other"
   ],
   "tabs_idx":[
    0,
    2
   ]
  },
  "viewer":{
   "jshandler":"webview/handlers/ElementLinkHandler",
   "destinations":[
    "IAEKF:3043:952",
    "IAEKF:3043:959:11"
   ]
  },
  "obj_viewer":[
  ],
  "finder":{
   "blocktype":"DataStoreRead",
   "masktype":""
  }
 },
 {
  "sid":"IAEKF:3043:949",
  "className":"Simulink.Inport",
  "icon":"IAEKF2",
  "name":"Q",
  "label":"Q",
  "parent":"IAEKF:3043:948",
  "inspector":{
   "params":[
    "Port",
    "IconDisplay",
    "LatchByDelayingOutsideSignal",
    "LatchInputForFeedbackSignals",
    "Interpolate",
    "OutputFunctionCall",
    "OutMin",
    "OutMax",
    "OutDataTypeStr",
    "LockScale",
    "Unit",
    "PortDimensions",
    "VarSizeSig",
    "SampleTime",
    "SignalType",
    "BusOutputAsStruct",
    "BusVirtuality",
    "DataMode",
    "InputConnect",
    "MessageQueueCapacity",
    "MessageQueueOverwriting",
    "MessageQueueType",
    "MessageQueueUseDefaultAttributes"
   ],
   "values":[
    "1",
    "Port number",
    "off",
    "off",
    "on",
    "off",
    "[]",
    "[]",
    "Inherit: auto",
    "off",
    "inherit",
    "-1",
    "Inherit",
    "SampleTime",
    "auto",
    "off",
    "inherit",
    "inherit",
    "",
    "1",
    "on",
    "LIFO",
    "on"
   ],
   "tabs":[
    "主要",
    "信号属性",
    "-Other"
   ],
   "tabs_idx":[
    0,
    5,
    15
   ]
  },
  "viewer":{
   "jshandler":"webview/handlers/ElementHandler"
  },
  "obj_viewer":[
  ],
  "finder":{
   "blocktype":"Inport",
   "masktype":""
  }
 },
 {
  "sid":"IAEKF:3043:950",
  "className":"Simulink.Inport",
  "icon":"IAEKF2",
  "name":"uState",
  "label":"uState",
  "parent":"IAEKF:3043:948",
  "inspector":{
   "params":[
    "Port",
    "IconDisplay",
    "LatchByDelayingOutsideSignal",
    "LatchInputForFeedbackSignals",
    "Interpolate",
    "OutputFunctionCall",
    "OutMin",
    "OutMax",
    "OutDataTypeStr",
    "LockScale",
    "Unit",
    "PortDimensions",
    "VarSizeSig",
    "SampleTime",
    "SignalType",
    "BusOutputAsStruct",
    "BusVirtuality",
    "DataMode",
    "InputConnect",
    "MessageQueueCapacity",
    "MessageQueueOverwriting",
    "MessageQueueType",
    "MessageQueueUseDefaultAttributes"
   ],
   "values":[
    "2",
    "Port number",
    "off",
    "off",
    "on",
    "off",
    "[]",
    "[]",
    "Inherit: auto",
    "off",
    "inherit",
    "-1",
    "Inherit",
    "SampleTime",
    "auto",
    "off",
    "inherit",
    "inherit",
    "",
    "1",
    "on",
    "LIFO",
    "on"
   ],
   "tabs":[
    "主要",
    "信号属性",
    "-Other"
   ],
   "tabs_idx":[
    0,
    5,
    15
   ]
  },
  "viewer":{
   "jshandler":"webview/handlers/ElementHandler"
  },
  "obj_viewer":[
  ],
  "finder":{
   "blocktype":"Inport",
   "masktype":""
  }
 },
 {
  "sid":"IAEKF:3043:957",
  "className":"Simulink.SFunction",
  "icon":"IAEKF2",
  "name":"RegisterSimulinkFcn",
  "label":"RegisterSimulinkFcn",
  "parent":"IAEKF:3043:948",
  "inspector":{
   "params":[
    "FunctionName",
    "Parameters",
    "SFunctionModules"
   ],
   "values":[
    "ekfukfRegisterSimulinkFcn",
    "int32(2), 0, pS.HasAdditiveNoise, SampleTime, DataType, SLFcnsToRegister",
    "''"
   ],
   "tabs":[
    "Parameter Attributes"
   ],
   "tabs_idx":0
  },
  "viewer":{
   "jshandler":"webview/handlers/ElementHandler"
  },
  "obj_viewer":[
  ],
  "finder":{
   "blocktype":"S-Function",
   "masktype":""
  }
 },
 {
  "sid":"IAEKF:3043:951",
  "className":"Simulink.Inport",
  "icon":"IAEKF2",
  "name":"uBlockOrdering",
  "label":"uBlockOrdering",
  "parent":"IAEKF:3043:948",
  "inspector":{
   "params":[
    "Port",
    "IconDisplay",
    "LatchByDelayingOutsideSignal",
    "LatchInputForFeedbackSignals",
    "Interpolate",
    "OutputFunctionCall",
    "OutMin",
    "OutMax",
    "OutDataTypeStr",
    "LockScale",
    "Unit",
    "PortDimensions",
    "VarSizeSig",
    "SampleTime",
    "SignalType",
    "BusOutputAsStruct",
    "BusVirtuality",
    "DataMode",
    "InputConnect",
    "MessageQueueCapacity",
    "MessageQueueOverwriting",
    "MessageQueueType",
    "MessageQueueUseDefaultAttributes"
   ],
   "values":[
    "3",
    "Port number",
    "off",
    "off",
    "on",
    "off",
    "[]",
    "[]",
    "Inherit: auto",
    "off",
    "inherit",
    "-1",
    "Inherit",
    "SampleTime",
    "auto",
    "off",
    "inherit",
    "inherit",
    "",
    "1",
    "on",
    "LIFO",
    "on"
   ],
   "tabs":[
    "主要",
    "信号属性",
    "-Other"
   ],
   "tabs_idx":[
    0,
    5,
    15
   ]
  },
  "viewer":{
   "jshandler":"webview/handlers/ElementHandler"
  },
  "obj_viewer":[
  ],
  "finder":{
   "blocktype":"Inport",
   "masktype":""
  }
 },
 {
  "sid":"IAEKF:3043:950#out:1",
  "className":"Simulink.Line",
  "icon":"IAEKF3",
  "name":"",
  "label":"",
  "parent":"IAEKF:3043:948",
  "inspector":{
   "params":[
    "SignalNameFromLabel",
    "MustResolveToSignal",
    "ShowPropagatedSignal",
    "DataLogging",
    "TestPoint",
    "SignalObjectPackage",
    "StorageClass",
    "Description",
    "documentLink"
   ],
   "values":[
    "",
    "off",
    "off",
    "off",
    "off",
    "Simulink",
    "Auto",
    "",
    ""
   ],
   "tabs":[
    "Parameter Attributes",
    "Logging and Accessibility",
    "Code Generation",
    "Documentation"
   ],
   "tabs_idx":[
    0,
    3,
    5,
    7
   ]
  },
  "viewer":{
   "jshandler":"webview/handlers/ElementHandler"
  },
  "obj_viewer":[
  ],
  "finder":[
  ]
 },
 {
  "sid":"IAEKF:3043:951#out:1",
  "className":"Simulink.Line",
  "icon":"IAEKF3",
  "name":"",
  "label":"",
  "parent":"IAEKF:3043:948",
  "inspector":{
   "params":[
    "SignalNameFromLabel",
    "MustResolveToSignal",
    "ShowPropagatedSignal",
    "DataLogging",
    "TestPoint",
    "SignalObjectPackage",
    "StorageClass",
    "Description",
    "documentLink"
   ],
   "values":[
    "",
    "off",
    "off",
    "off",
    "off",
    "Simulink",
    "Auto",
    "",
    ""
   ],
   "tabs":[
    "Parameter Attributes",
    "Logging and Accessibility",
    "Code Generation",
    "Documentation"
   ],
   "tabs_idx":[
    0,
    3,
    5,
    7
   ]
  },
  "viewer":{
   "jshandler":"webview/handlers/ElementHandler"
  },
  "obj_viewer":[
  ],
  "finder":[
  ]
 },
 {
  "sid":"IAEKF:3043:955#out:1",
  "className":"Simulink.Line",
  "icon":"IAEKF3",
  "name":"",
  "label":"",
  "parent":"IAEKF:3043:948",
  "inspector":{
   "params":[
    "SignalNameFromLabel",
    "MustResolveToSignal",
    "ShowPropagatedSignal",
    "DataLogging",
    "TestPoint",
    "SignalObjectPackage",
    "StorageClass",
    "Description",
    "documentLink"
   ],
   "values":[
    "",
    "off",
    "off",
    "off",
    "off",
    "Simulink",
    "Auto",
    "",
    ""
   ],
   "tabs":[
    "Parameter Attributes",
    "Logging and Accessibility",
    "Code Generation",
    "Documentation"
   ],
   "tabs_idx":[
    0,
    3,
    5,
    7
   ]
  },
  "viewer":{
   "jshandler":"webview/handlers/ElementHandler"
  },
  "obj_viewer":[
  ],
  "finder":[
  ]
 },
 {
  "sid":"IAEKF:3043:956#out:1",
  "className":"Simulink.Line",
  "icon":"IAEKF3",
  "name":"",
  "label":"",
  "parent":"IAEKF:3043:948",
  "inspector":{
   "params":[
    "SignalNameFromLabel",
    "MustResolveToSignal",
    "ShowPropagatedSignal",
    "DataLogging",
    "TestPoint",
    "SignalObjectPackage",
    "StorageClass",
    "Description",
    "documentLink"
   ],
   "values":[
    "",
    "off",
    "off",
    "off",
    "off",
    "Simulink",
    "Auto",
    "",
    ""
   ],
   "tabs":[
    "Parameter Attributes",
    "Logging and Accessibility",
    "Code Generation",
    "Documentation"
   ],
   "tabs_idx":[
    0,
    3,
    5,
    7
   ]
  },
  "viewer":{
   "jshandler":"webview/handlers/ElementHandler"
  },
  "obj_viewer":[
  ],
  "finder":[
  ]
 },
 {
  "sid":"IAEKF:3043:949#out:1",
  "className":"Simulink.Line",
  "icon":"IAEKF3",
  "name":"",
  "label":"",
  "parent":"IAEKF:3043:948",
  "inspector":{
   "params":[
    "SignalNameFromLabel",
    "MustResolveToSignal",
    "ShowPropagatedSignal",
    "DataLogging",
    "TestPoint",
    "SignalObjectPackage",
    "StorageClass",
    "Description",
    "documentLink"
   ],
   "values":[
    "",
    "off",
    "off",
    "off",
    "off",
    "Simulink",
    "Auto",
    "",
    ""
   ],
   "tabs":[
    "Parameter Attributes",
    "Logging and Accessibility",
    "Code Generation",
    "Documentation"
   ],
   "tabs_idx":[
    0,
    3,
    5,
    7
   ]
  },
  "viewer":{
   "jshandler":"webview/handlers/ElementHandler"
  },
  "obj_viewer":[
  ],
  "finder":[
  ]
 },
 {
  "sid":"IAEKF:3043:956#out:2",
  "className":"Simulink.Line",
  "icon":"IAEKF3",
  "name":"",
  "label":"",
  "parent":"IAEKF:3043:948",
  "inspector":{
   "params":[
    "SignalNameFromLabel",
    "MustResolveToSignal",
    "ShowPropagatedSignal",
    "DataLogging",
    "TestPoint",
    "SignalObjectPackage",
    "StorageClass",
    "Description",
    "documentLink"
   ],
   "values":[
    "",
    "off",
    "off",
    "off",
    "off",
    "Simulink",
    "Auto",
    "",
    ""
   ],
   "tabs":[
    "Parameter Attributes",
    "Logging and Accessibility",
    "Code Generation",
    "Documentation"
   ],
   "tabs_idx":[
    0,
    3,
    5,
    7
   ]
  },
  "viewer":{
   "jshandler":"webview/handlers/ElementHandler"
  },
  "obj_viewer":[
  ],
  "finder":[
  ]
 },
 {
  "sid":"IAEKF:3043:954#out:1",
  "className":"Simulink.Line",
  "icon":"IAEKF3",
  "name":"",
  "label":"",
  "parent":"IAEKF:3043:948",
  "inspector":{
   "params":[
    "SignalNameFromLabel",
    "MustResolveToSignal",
    "ShowPropagatedSignal",
    "DataLogging",
    "TestPoint",
    "SignalObjectPackage",
    "StorageClass",
    "Description",
    "documentLink"
   ],
   "values":[
    "",
    "off",
    "off",
    "off",
    "off",
    "Simulink",
    "Auto",
    "",
    ""
   ],
   "tabs":[
    "Parameter Attributes",
    "Logging and Accessibility",
    "Code Generation",
    "Documentation"
   ],
   "tabs_idx":[
    0,
    3,
    5,
    7
   ]
  },
  "viewer":{
   "jshandler":"webview/handlers/ElementHandler"
  },
  "obj_viewer":[
  ],
  "finder":[
  ]
 }
]