[
 {
  "sid":"IAEKF:3043:710",
  "className":"Simulink.Outport",
  "icon":"IAEKF2",
  "name":"x",
  "label":"x",
  "parent":"IAEKF:3043:707",
  "inspector":{
   "params":[
    "Port",
    "SignalName",
    "IconDisplay",
    "EnsureOutportIsVirtual",
    "OutMin",
    "OutMax",
    "OutDataTypeStr",
    "LockScale",
    "Unit",
    "PortDimensions",
    "VarSizeSig",
    "SampleTime",
    "SignalType",
    "BusOutputAsStruct",
    "BusVirtuality",
    "DataMode",
    "InitialOutput",
    "MustResolveToSignalObject",
    "OutputFunctionCall",
    "OutputWhenDisabled",
    "OutputWhenUnConnected",
    "OutputWhenUnconnectedValue",
    "SignalObject",
    "SourceOfInitialOutputValue",
    "StorageClass",
    "VectorParamsAs1DForOutWhenUnconnected"
   ],
   "values":[
    "1",
    "",
    "Port number",
    "off",
    "[]",
    "[]",
    "Inherit: auto",
    "off",
    "inherit",
    "-1",
    "Inherit",
    "-1",
    "auto",
    "off",
    "inherit",
    "inherit",
    "[]",
    "off",
    "off",
    "held",
    "off",
    "0",
    [
    ],
    "Dialog",
    "Auto",
    "off"
   ],
   "tabs":[
    "主要",
    "信号属性",
    "-Other"
   ],
   "tabs_idx":[
    0,
    4,
    13
   ]
  },
  "viewer":{
   "jshandler":"webview/handlers/ElementHandler"
  },
  "obj_viewer":[
  ],
  "finder":{
   "blocktype":"Outport",
   "masktype":""
  }
 },
 {
  "sid":"IAEKF:3043:708",
  "className":"Simulink.DataStoreRead",
  "icon":"IAEKF2",
  "name":"Data Store Read",
  "label":"Data Store Read",
  "parent":"IAEKF:3043:707",
  "inspector":{
   "params":[
    "DataStoreName",
    "SampleTime",
    "DataStoreElements",
    "EnableIndexing",
    "IndexMode",
    "IndexOptionArray",
    "IndexOptions",
    "IndexParamArray",
    "Indices",
    "NumberOfDimensions",
    "OutputSizeArray",
    "OutputSizes"
   ],
   "values":[
    "x",
    "-1",
    "",
    "off",
    "One-based",
    "Index vector (dialog)",
    "Index vector (dialog)",
    "1",
    "1",
    "1",
    "1",
    "1"
   ],
   "tabs":[
    "参数",
    "-Other"
   ],
   "tabs_idx":[
    0,
    2
   ]
  },
  "viewer":{
   "jshandler":"webview/handlers/ElementLinkHandler",
   "destinations":[
    "IAEKF:3043:953",
    "IAEKF:3043:959:12"
   ]
  },
  "obj_viewer":[
  ],
  "finder":{
   "blocktype":"DataStoreRead",
   "masktype":""
  }
 },
 {
  "sid":"IAEKF:3043:709",
  "className":"Simulink.DataStoreRead",
  "icon":"IAEKF2",
  "name":"Data Store Read1",
  "label":"Data Store Read1",
  "parent":"IAEKF:3043:707",
  "inspector":{
   "params":[
    "DataStoreName",
    "SampleTime",
    "DataStoreElements",
    "EnableIndexing",
    "IndexMode",
    "IndexOptionArray",
    "IndexOptions",
    "IndexParamArray",
    "Indices",
    "NumberOfDimensions",
    "OutputSizeArray",
    "OutputSizes"
   ],
   "values":[
    "P",
    "-1",
    "",
    "off",
    "One-based",
    "Index vector (dialog)",
    "Index vector (dialog)",
    "1",
    "1",
    "1",
    "1",
    "1"
   ],
   "tabs":[
    "参数",
    "-Other"
   ],
   "tabs_idx":[
    0,
    2
   ]
  },
  "viewer":{
   "jshandler":"webview/handlers/ElementLinkHandler",
   "destinations":[
    "IAEKF:3043:952",
    "IAEKF:3043:959:11"
   ]
  },
  "obj_viewer":[
  ],
  "finder":{
   "blocktype":"DataStoreRead",
   "masktype":""
  }
 },
 {
  "sid":"IAEKF:3043:711",
  "className":"Simulink.Outport",
  "icon":"IAEKF2",
  "name":"P",
  "label":"P",
  "parent":"IAEKF:3043:707",
  "inspector":{
   "params":[
    "Port",
    "SignalName",
    "IconDisplay",
    "EnsureOutportIsVirtual",
    "OutMin",
    "OutMax",
    "OutDataTypeStr",
    "LockScale",
    "Unit",
    "PortDimensions",
    "VarSizeSig",
    "SampleTime",
    "SignalType",
    "BusOutputAsStruct",
    "BusVirtuality",
    "DataMode",
    "InitialOutput",
    "MustResolveToSignalObject",
    "OutputFunctionCall",
    "OutputWhenDisabled",
    "OutputWhenUnConnected",
    "OutputWhenUnconnectedValue",
    "SignalObject",
    "SourceOfInitialOutputValue",
    "StorageClass",
    "VectorParamsAs1DForOutWhenUnconnected"
   ],
   "values":[
    "2",
    "",
    "Port number",
    "off",
    "[]",
    "[]",
    "Inherit: auto",
    "off",
    "inherit",
    "-1",
    "Inherit",
    "-1",
    "auto",
    "off",
    "inherit",
    "inherit",
    "[]",
    "off",
    "off",
    "held",
    "off",
    "0",
    [
    ],
    "Dialog",
    "Auto",
    "off"
   ],
   "tabs":[
    "主要",
    "信号属性",
    "-Other"
   ],
   "tabs_idx":[
    0,
    4,
    13
   ]
  },
  "viewer":{
   "jshandler":"webview/handlers/ElementHandler"
  },
  "obj_viewer":[
  ],
  "finder":{
   "blocktype":"Outport",
   "masktype":""
  }
 },
 {
  "sid":"IAEKF:3043:939",
  "className":"Simulink.Inport",
  "icon":"IAEKF2",
  "name":"uBlockOrdering",
  "label":"uBlockOrdering",
  "parent":"IAEKF:3043:707",
  "inspector":{
   "params":[
    "Port",
    "IconDisplay",
    "LatchByDelayingOutsideSignal",
    "LatchInputForFeedbackSignals",
    "Interpolate",
    "OutputFunctionCall",
    "OutMin",
    "OutMax",
    "OutDataTypeStr",
    "LockScale",
    "Unit",
    "PortDimensions",
    "VarSizeSig",
    "SampleTime",
    "SignalType",
    "BusOutputAsStruct",
    "BusVirtuality",
    "DataMode",
    "InputConnect",
    "MessageQueueCapacity",
    "MessageQueueOverwriting",
    "MessageQueueType",
    "MessageQueueUseDefaultAttributes"
   ],
   "values":[
    "1",
    "Port number",
    "off",
    "off",
    "on",
    "off",
    "[]",
    "[]",
    "Inherit: auto",
    "off",
    "inherit",
    "-1",
    "Inherit",
    "-1",
    "auto",
    "off",
    "inherit",
    "inherit",
    "",
    "1",
    "on",
    "LIFO",
    "on"
   ],
   "tabs":[
    "主要",
    "信号属性",
    "-Other"
   ],
   "tabs_idx":[
    0,
    5,
    15
   ]
  },
  "viewer":{
   "jshandler":"webview/handlers/ElementHandler"
  },
  "obj_viewer":[
  ],
  "finder":{
   "blocktype":"Inport",
   "masktype":""
  }
 },
 {
  "sid":"IAEKF:3043:940",
  "className":"Simulink.Outport",
  "icon":"IAEKF2",
  "name":"yBlockOrdering",
  "label":"yBlockOrdering",
  "parent":"IAEKF:3043:707",
  "inspector":{
   "params":[
    "Port",
    "SignalName",
    "IconDisplay",
    "EnsureOutportIsVirtual",
    "OutMin",
    "OutMax",
    "OutDataTypeStr",
    "LockScale",
    "Unit",
    "PortDimensions",
    "VarSizeSig",
    "SampleTime",
    "SignalType",
    "BusOutputAsStruct",
    "BusVirtuality",
    "DataMode",
    "InitialOutput",
    "MustResolveToSignalObject",
    "OutputFunctionCall",
    "OutputWhenDisabled",
    "OutputWhenUnConnected",
    "OutputWhenUnconnectedValue",
    "SignalObject",
    "SourceOfInitialOutputValue",
    "StorageClass",
    "VectorParamsAs1DForOutWhenUnconnected"
   ],
   "values":[
    "3",
    "",
    "Port number",
    "off",
    "[]",
    "[]",
    "Inherit: auto",
    "off",
    "inherit",
    "-1",
    "Inherit",
    "-1",
    "auto",
    "off",
    "inherit",
    "inherit",
    "[]",
    "off",
    "off",
    "held",
    "off",
    "0",
    [
    ],
    "Dialog",
    "Auto",
    "off"
   ],
   "tabs":[
    "主要",
    "信号属性",
    "-Other"
   ],
   "tabs_idx":[
    0,
    4,
    13
   ]
  },
  "viewer":{
   "jshandler":"webview/handlers/ElementHandler"
  },
  "obj_viewer":[
  ],
  "finder":{
   "blocktype":"Outport",
   "masktype":""
  }
 },
 {
  "sid":"IAEKF:3043:960",
  "className":"Simulink.SubSystem",
  "icon":"IAEKF6",
  "name":"MATLAB Function",
  "label":"MATLAB Function",
  "parent":"IAEKF:3043:707",
  "inspector":{
   "params":[
    "ShowPortLabels",
    "Permissions",
    "ErrorFcn",
    "PermitHierarchicalResolution",
    "TreatAsAtomicUnit",
    "TreatAsGroupedWhenPropagatingVariantConditions",
    "RTWSystemCode",
    "AllowZeroVariantControls",
    "AutoFrameSizeCalculation",
    "BlockChoice",
    "CompiledActiveChoiceBlock",
    "CompiledActiveChoiceControl",
    "ExecutionDomainType",
    "FunctionInterfaceSpec",
    "FunctionWithSeparateData",
    "IsSubsystemVirtual",
    "LabelModeActiveChoice",
    "Latency",
    "MemberBlocks",
    "MinAlgLoopOccurrences",
    "PartitionName",
    "PropagateVariantConditions",
    "RTWFcnName",
    "RTWFcnNameOpts",
    "RTWFileName",
    "RTWFileNameOpts",
    "RTWMemSecDataConstants",
    "RTWMemSecDataInternal",
    "RTWMemSecDataParameters",
    "RTWMemSecFuncExecute",
    "RTWMemSecFuncInitTerm",
    "ReferencedSubsystem",
    "ScheduleAs",
    "SetExecutionDomain",
    "SystemSampleTime",
    "TemplateBlock",
    "Variant",
    "VariantActivationTime",
    "VariantChoices",
    "VariantControl",
    "VariantControlMode"
   ],
   "values":[
    "FromPortIcon",
    "ReadWrite",
    "Stateflow.Translate.translate",
    "ExplicitOnly",
    "on",
    "on",
    "Auto",
    "off",
    "off",
    "",
    "",
    "",
    "Deduce",
    "void_void",
    "off",
    "off",
    "",
    "0",
    "",
    "off",
    "",
    "off",
    "",
    "Auto",
    "",
    "Auto",
    "Inherit from model",
    "Inherit from model",
    "Inherit from model",
    "Inherit from model",
    "Inherit from model",
    "",
    "Sample time",
    "off",
    "-1",
    "",
    "off",
    "update diagram",
    [
    ],
    "",
    "expression"
   ],
   "tabs":[
    "主要",
    "代码生成",
    "-Other"
   ],
   "tabs_idx":[
    0,
    6,
    7
   ]
  },
  "viewer":{
   "jshandler":"webview/handlers/ElementHandler"
  },
  "obj_viewer":{
   "code":"function P = fcn(S)\n    \n    % Get back Covariance from Square-root Covariance\n    P = S*S';\n    \nend\n",
   "code_sid":"IAEKF:3043:960:1"
  },
  "finder":{
   "blocktype":"SubSystem",
   "masktype":""
  }
 },
 {
  "sid":"IAEKF:3043:960#out:1",
  "className":"Simulink.Line",
  "icon":"IAEKF3",
  "name":"",
  "label":"",
  "parent":"IAEKF:3043:707",
  "inspector":{
   "params":[
    "SignalNameFromLabel",
    "MustResolveToSignal",
    "ShowPropagatedSignal",
    "DataLogging",
    "TestPoint",
    "SignalObjectPackage",
    "StorageClass",
    "Description",
    "documentLink"
   ],
   "values":[
    "",
    "off",
    "off",
    "off",
    "off",
    "Simulink",
    "Auto",
    "",
    ""
   ],
   "tabs":[
    "Parameter Attributes",
    "Logging and Accessibility",
    "Code Generation",
    "Documentation"
   ],
   "tabs_idx":[
    0,
    3,
    5,
    7
   ]
  },
  "viewer":{
   "jshandler":"webview/handlers/ElementHandler"
  },
  "obj_viewer":[
  ],
  "finder":[
  ]
 },
 {
  "sid":"IAEKF:3043:939#out:1",
  "className":"Simulink.Line",
  "icon":"IAEKF3",
  "name":"",
  "label":"",
  "parent":"IAEKF:3043:707",
  "inspector":{
   "params":[
    "SignalNameFromLabel",
    "MustResolveToSignal",
    "ShowPropagatedSignal",
    "DataLogging",
    "TestPoint",
    "SignalObjectPackage",
    "StorageClass",
    "Description",
    "documentLink"
   ],
   "values":[
    "",
    "off",
    "off",
    "off",
    "off",
    "Simulink",
    "Auto",
    "",
    ""
   ],
   "tabs":[
    "Parameter Attributes",
    "Logging and Accessibility",
    "Code Generation",
    "Documentation"
   ],
   "tabs_idx":[
    0,
    3,
    5,
    7
   ]
  },
  "viewer":{
   "jshandler":"webview/handlers/ElementHandler"
  },
  "obj_viewer":[
  ],
  "finder":[
  ]
 },
 {
  "sid":"IAEKF:3043:709#out:1",
  "className":"Simulink.Line",
  "icon":"IAEKF3",
  "name":"",
  "label":"",
  "parent":"IAEKF:3043:707",
  "inspector":{
   "params":[
    "SignalNameFromLabel",
    "MustResolveToSignal",
    "ShowPropagatedSignal",
    "DataLogging",
    "TestPoint",
    "SignalObjectPackage",
    "StorageClass",
    "Description",
    "documentLink"
   ],
   "values":[
    "",
    "off",
    "off",
    "off",
    "off",
    "Simulink",
    "Auto",
    "",
    ""
   ],
   "tabs":[
    "Parameter Attributes",
    "Logging and Accessibility",
    "Code Generation",
    "Documentation"
   ],
   "tabs_idx":[
    0,
    3,
    5,
    7
   ]
  },
  "viewer":{
   "jshandler":"webview/handlers/ElementHandler"
  },
  "obj_viewer":[
  ],
  "finder":[
  ]
 },
 {
  "sid":"IAEKF:3043:708#out:1",
  "className":"Simulink.Line",
  "icon":"IAEKF3",
  "name":"",
  "label":"",
  "parent":"IAEKF:3043:707",
  "inspector":{
   "params":[
    "SignalNameFromLabel",
    "MustResolveToSignal",
    "ShowPropagatedSignal",
    "DataLogging",
    "TestPoint",
    "SignalObjectPackage",
    "StorageClass",
    "Description",
    "documentLink"
   ],
   "values":[
    "",
    "off",
    "off",
    "off",
    "off",
    "Simulink",
    "Auto",
    "",
    ""
   ],
   "tabs":[
    "Parameter Attributes",
    "Logging and Accessibility",
    "Code Generation",
    "Documentation"
   ],
   "tabs_idx":[
    0,
    3,
    5,
    7
   ]
  },
  "viewer":{
   "jshandler":"webview/handlers/ElementHandler"
  },
  "obj_viewer":[
  ],
  "finder":[
  ]
 }
]