[
 {
  "sid":"IAEKF:2042",
  "className":"Simulink.SubSystem",
  "icon":"IAEKF1",
  "name":"ARM-Cortex STM32F103",
  "label":"ARM-Cortex STM32F103",
  "parent":"IAEKF",
  "inspector":{
   "params":[
    "ShowPortLabels",
    "Permissions",
    "ErrorFcn",
    "PermitHierarchicalResolution",
    "TreatAsAtomicUnit",
    "TreatAsGroupedWhenPropagatingVariantConditions",
    "RTWSystemCode",
    "AllowZeroVariantControls",
    "AutoFrameSizeCalculation",
    "BlockChoice",
    "CompiledActiveChoiceBlock",
    "CompiledActiveChoiceControl",
    "ExecutionDomainType",
    "FunctionInterfaceSpec",
    "FunctionWithSeparateData",
    "IsSubsystemVirtual",
    "LabelModeActiveChoice",
    "Latency",
    "MemberBlocks",
    "MinAlgLoopOccurrences",
    "PartitionName",
    "PropagateVariantConditions",
    "RTWFcnName",
    "RTWFcnNameOpts",
    "RTWFileName",
    "RTWFileNameOpts",
    "RTWMemSecDataConstants",
    "RTWMemSecDataInternal",
    "RTWMemSecDataParameters",
    "RTWMemSecFuncExecute",
    "RTWMemSecFuncInitTerm",
    "ReferencedSubsystem",
    "ScheduleAs",
    "SetExecutionDomain",
    "SystemSampleTime",
    "TemplateBlock",
    "Variant",
    "VariantActivationTime",
    "VariantChoices",
    "VariantControl",
    "VariantControlMode"
   ],
   "values":[
    "FromPortIcon",
    "ReadWrite",
    "",
    "All",
    "off",
    "on",
    "Auto",
    "off",
    "off",
    "",
    "",
    "",
    "Deduce",
    "void_void",
    "off",
    "on",
    "",
    "0",
    "",
    "off",
    "",
    "off",
    "",
    "Auto",
    "",
    "Auto",
    "Inherit from model",
    "Inherit from model",
    "Inherit from model",
    "Inherit from model",
    "Inherit from model",
    "",
    "Sample time",
    "off",
    "-1",
    "",
    "off",
    "update diagram",
    [
    ],
    "",
    "expression"
   ],
   "tabs":[
    "主要",
    "代码生成",
    "-Other"
   ],
   "tabs_idx":[
    0,
    6,
    7
   ]
  },
  "viewer":{
   "jshandler":"webview/handlers/ElementHandler"
  },
  "obj_viewer":[
  ],
  "finder":{
   "blocktype":"SubSystem",
   "masktype":""
  }
 },
 {
  "sid":"IAEKF:3345",
  "className":"Simulink.Inport",
  "icon":"IAEKF2",
  "name":"Current",
  "label":"Current",
  "parent":"IAEKF",
  "inspector":{
   "params":[
    "Port",
    "IconDisplay",
    "LatchByDelayingOutsideSignal",
    "LatchInputForFeedbackSignals",
    "Interpolate",
    "OutputFunctionCall",
    "OutMin",
    "OutMax",
    "OutDataTypeStr",
    "LockScale",
    "Unit",
    "PortDimensions",
    "VarSizeSig",
    "SampleTime",
    "SignalType",
    "BusOutputAsStruct",
    "BusVirtuality",
    "DataMode",
    "InputConnect",
    "MessageQueueCapacity",
    "MessageQueueOverwriting",
    "MessageQueueType",
    "MessageQueueUseDefaultAttributes"
   ],
   "values":[
    "1",
    "Port number",
    "off",
    "off",
    "on",
    "off",
    "[]",
    "[]",
    "Inherit: auto",
    "off",
    "inherit",
    "-1",
    "Inherit",
    "-1",
    "auto",
    "off",
    "inherit",
    "inherit",
    "",
    "1",
    "on",
    "LIFO",
    "on"
   ],
   "tabs":[
    "主要",
    "信号属性",
    "-Other"
   ],
   "tabs_idx":[
    0,
    5,
    15
   ]
  },
  "viewer":{
   "jshandler":"webview/handlers/ElementHandler"
  },
  "obj_viewer":[
  ],
  "finder":{
   "blocktype":"Inport",
   "masktype":""
  }
 },
 {
  "sid":"IAEKF:3346",
  "className":"Simulink.Inport",
  "icon":"IAEKF2",
  "name":"Voltage",
  "label":"Voltage",
  "parent":"IAEKF",
  "inspector":{
   "params":[
    "Port",
    "IconDisplay",
    "LatchByDelayingOutsideSignal",
    "LatchInputForFeedbackSignals",
    "Interpolate",
    "OutputFunctionCall",
    "OutMin",
    "OutMax",
    "OutDataTypeStr",
    "LockScale",
    "Unit",
    "PortDimensions",
    "VarSizeSig",
    "SampleTime",
    "SignalType",
    "BusOutputAsStruct",
    "BusVirtuality",
    "DataMode",
    "InputConnect",
    "MessageQueueCapacity",
    "MessageQueueOverwriting",
    "MessageQueueType",
    "MessageQueueUseDefaultAttributes"
   ],
   "values":[
    "2",
    "Port number",
    "off",
    "off",
    "on",
    "off",
    "[]",
    "[]",
    "Inherit: auto",
    "off",
    "inherit",
    "-1",
    "Inherit",
    "-1",
    "auto",
    "off",
    "inherit",
    "inherit",
    "",
    "1",
    "on",
    "LIFO",
    "on"
   ],
   "tabs":[
    "主要",
    "信号属性",
    "-Other"
   ],
   "tabs_idx":[
    0,
    5,
    15
   ]
  },
  "viewer":{
   "jshandler":"webview/handlers/ElementHandler"
  },
  "obj_viewer":[
  ],
  "finder":{
   "blocktype":"Inport",
   "masktype":""
  }
 },
 {
  "sid":"IAEKF:3347",
  "className":"Simulink.Outport",
  "icon":"IAEKF2",
  "name":"SOC_SAEKF",
  "label":"SOC_SAEKF",
  "parent":"IAEKF",
  "inspector":{
   "params":[
    "Port",
    "SignalName",
    "IconDisplay",
    "EnsureOutportIsVirtual",
    "OutMin",
    "OutMax",
    "OutDataTypeStr",
    "LockScale",
    "Unit",
    "PortDimensions",
    "VarSizeSig",
    "SampleTime",
    "SignalType",
    "BusOutputAsStruct",
    "BusVirtuality",
    "DataMode",
    "InitialOutput",
    "MustResolveToSignalObject",
    "OutputFunctionCall",
    "OutputWhenDisabled",
    "OutputWhenUnConnected",
    "OutputWhenUnconnectedValue",
    "SignalObject",
    "SourceOfInitialOutputValue",
    "StorageClass",
    "VectorParamsAs1DForOutWhenUnconnected"
   ],
   "values":[
    "1",
    "",
    "Port number",
    "off",
    "[]",
    "[]",
    "Inherit: auto",
    "off",
    "inherit",
    "-1",
    "Inherit",
    "-1",
    "auto",
    "off",
    "inherit",
    "inherit",
    "[]",
    "off",
    "off",
    "held",
    "off",
    "0",
    [
    ],
    "Dialog",
    "Auto",
    "on"
   ],
   "tabs":[
    "主要",
    "信号属性",
    "-Other"
   ],
   "tabs_idx":[
    0,
    4,
    13
   ]
  },
  "viewer":{
   "jshandler":"webview/handlers/ElementHandler"
  },
  "obj_viewer":[
  ],
  "finder":{
   "blocktype":"Outport",
   "masktype":""
  }
 },
 {
  "sid":"IAEKF:3348",
  "className":"Simulink.Outport",
  "icon":"IAEKF2",
  "name":"SOC_EKF",
  "label":"SOC_EKF",
  "parent":"IAEKF",
  "inspector":{
   "params":[
    "Port",
    "SignalName",
    "IconDisplay",
    "EnsureOutportIsVirtual",
    "OutMin",
    "OutMax",
    "OutDataTypeStr",
    "LockScale",
    "Unit",
    "PortDimensions",
    "VarSizeSig",
    "SampleTime",
    "SignalType",
    "BusOutputAsStruct",
    "BusVirtuality",
    "DataMode",
    "InitialOutput",
    "MustResolveToSignalObject",
    "OutputFunctionCall",
    "OutputWhenDisabled",
    "OutputWhenUnConnected",
    "OutputWhenUnconnectedValue",
    "SignalObject",
    "SourceOfInitialOutputValue",
    "StorageClass",
    "VectorParamsAs1DForOutWhenUnconnected"
   ],
   "values":[
    "2",
    "",
    "Port number",
    "off",
    "[]",
    "[]",
    "Inherit: auto",
    "off",
    "inherit",
    "-1",
    "Inherit",
    "-1",
    "auto",
    "off",
    "inherit",
    "inherit",
    "[]",
    "off",
    "off",
    "held",
    "off",
    "0",
    [
    ],
    "Dialog",
    "Auto",
    "on"
   ],
   "tabs":[
    "主要",
    "信号属性",
    "-Other"
   ],
   "tabs_idx":[
    0,
    4,
    13
   ]
  },
  "viewer":{
   "jshandler":"webview/handlers/ElementHandler"
  },
  "obj_viewer":[
  ],
  "finder":{
   "blocktype":"Outport",
   "masktype":""
  }
 },
 {
  "sid":"IAEKF:3349",
  "className":"Simulink.Outport",
  "icon":"IAEKF2",
  "name":"SOC_IEKF",
  "label":"SOC_IEKF",
  "parent":"IAEKF",
  "inspector":{
   "params":[
    "Port",
    "SignalName",
    "IconDisplay",
    "EnsureOutportIsVirtual",
    "OutMin",
    "OutMax",
    "OutDataTypeStr",
    "LockScale",
    "Unit",
    "PortDimensions",
    "VarSizeSig",
    "SampleTime",
    "SignalType",
    "BusOutputAsStruct",
    "BusVirtuality",
    "DataMode",
    "InitialOutput",
    "MustResolveToSignalObject",
    "OutputFunctionCall",
    "OutputWhenDisabled",
    "OutputWhenUnConnected",
    "OutputWhenUnconnectedValue",
    "SignalObject",
    "SourceOfInitialOutputValue",
    "StorageClass",
    "VectorParamsAs1DForOutWhenUnconnected"
   ],
   "values":[
    "3",
    "",
    "Port number",
    "off",
    "[]",
    "[]",
    "Inherit: auto",
    "off",
    "inherit",
    "-1",
    "Inherit",
    "-1",
    "auto",
    "off",
    "inherit",
    "inherit",
    "[]",
    "off",
    "off",
    "held",
    "off",
    "0",
    [
    ],
    "Dialog",
    "Auto",
    "on"
   ],
   "tabs":[
    "主要",
    "信号属性",
    "-Other"
   ],
   "tabs_idx":[
    0,
    4,
    13
   ]
  },
  "viewer":{
   "jshandler":"webview/handlers/ElementHandler"
  },
  "obj_viewer":[
  ],
  "finder":{
   "blocktype":"Outport",
   "masktype":""
  }
 },
 {
  "sid":"IAEKF:3350",
  "className":"Simulink.Outport",
  "icon":"IAEKF2",
  "name":"SOC_SAEKF_08",
  "label":"SOC_SAEKF_08",
  "parent":"IAEKF",
  "inspector":{
   "params":[
    "Port",
    "SignalName",
    "IconDisplay",
    "EnsureOutportIsVirtual",
    "OutMin",
    "OutMax",
    "OutDataTypeStr",
    "LockScale",
    "Unit",
    "PortDimensions",
    "VarSizeSig",
    "SampleTime",
    "SignalType",
    "BusOutputAsStruct",
    "BusVirtuality",
    "DataMode",
    "InitialOutput",
    "MustResolveToSignalObject",
    "OutputFunctionCall",
    "OutputWhenDisabled",
    "OutputWhenUnConnected",
    "OutputWhenUnconnectedValue",
    "SignalObject",
    "SourceOfInitialOutputValue",
    "StorageClass",
    "VectorParamsAs1DForOutWhenUnconnected"
   ],
   "values":[
    "4",
    "",
    "Port number",
    "off",
    "[]",
    "[]",
    "Inherit: auto",
    "off",
    "inherit",
    "-1",
    "Inherit",
    "-1",
    "auto",
    "off",
    "inherit",
    "inherit",
    "[]",
    "off",
    "off",
    "held",
    "off",
    "0",
    [
    ],
    "Dialog",
    "Auto",
    "on"
   ],
   "tabs":[
    "主要",
    "信号属性",
    "-Other"
   ],
   "tabs_idx":[
    0,
    4,
    13
   ]
  },
  "viewer":{
   "jshandler":"webview/handlers/ElementHandler"
  },
  "obj_viewer":[
  ],
  "finder":{
   "blocktype":"Outport",
   "masktype":""
  }
 },
 {
  "sid":"IAEKF:3351",
  "className":"Simulink.Outport",
  "icon":"IAEKF2",
  "name":"SOC_SAEKF_06",
  "label":"SOC_SAEKF_06",
  "parent":"IAEKF",
  "inspector":{
   "params":[
    "Port",
    "SignalName",
    "IconDisplay",
    "EnsureOutportIsVirtual",
    "OutMin",
    "OutMax",
    "OutDataTypeStr",
    "LockScale",
    "Unit",
    "PortDimensions",
    "VarSizeSig",
    "SampleTime",
    "SignalType",
    "BusOutputAsStruct",
    "BusVirtuality",
    "DataMode",
    "InitialOutput",
    "MustResolveToSignalObject",
    "OutputFunctionCall",
    "OutputWhenDisabled",
    "OutputWhenUnConnected",
    "OutputWhenUnconnectedValue",
    "SignalObject",
    "SourceOfInitialOutputValue",
    "StorageClass",
    "VectorParamsAs1DForOutWhenUnconnected"
   ],
   "values":[
    "5",
    "",
    "Port number",
    "off",
    "[]",
    "[]",
    "Inherit: auto",
    "off",
    "inherit",
    "-1",
    "Inherit",
    "-1",
    "auto",
    "off",
    "inherit",
    "inherit",
    "[]",
    "off",
    "off",
    "held",
    "off",
    "0",
    [
    ],
    "Dialog",
    "Auto",
    "on"
   ],
   "tabs":[
    "主要",
    "信号属性",
    "-Other"
   ],
   "tabs_idx":[
    0,
    4,
    13
   ]
  },
  "viewer":{
   "jshandler":"webview/handlers/ElementHandler"
  },
  "obj_viewer":[
  ],
  "finder":{
   "blocktype":"Outport",
   "masktype":""
  }
 },
 {
  "sid":"IAEKF:3352",
  "className":"Simulink.Outport",
  "icon":"IAEKF2",
  "name":"SOC_SAEKF_04",
  "label":"SOC_SAEKF_04",
  "parent":"IAEKF",
  "inspector":{
   "params":[
    "Port",
    "SignalName",
    "IconDisplay",
    "EnsureOutportIsVirtual",
    "OutMin",
    "OutMax",
    "OutDataTypeStr",
    "LockScale",
    "Unit",
    "PortDimensions",
    "VarSizeSig",
    "SampleTime",
    "SignalType",
    "BusOutputAsStruct",
    "BusVirtuality",
    "DataMode",
    "InitialOutput",
    "MustResolveToSignalObject",
    "OutputFunctionCall",
    "OutputWhenDisabled",
    "OutputWhenUnConnected",
    "OutputWhenUnconnectedValue",
    "SignalObject",
    "SourceOfInitialOutputValue",
    "StorageClass",
    "VectorParamsAs1DForOutWhenUnconnected"
   ],
   "values":[
    "6",
    "",
    "Port number",
    "off",
    "[]",
    "[]",
    "Inherit: auto",
    "off",
    "inherit",
    "-1",
    "Inherit",
    "-1",
    "auto",
    "off",
    "inherit",
    "inherit",
    "[]",
    "off",
    "off",
    "held",
    "off",
    "0",
    [
    ],
    "Dialog",
    "Auto",
    "on"
   ],
   "tabs":[
    "主要",
    "信号属性",
    "-Other"
   ],
   "tabs_idx":[
    0,
    4,
    13
   ]
  },
  "viewer":{
   "jshandler":"webview/handlers/ElementHandler"
  },
  "obj_viewer":[
  ],
  "finder":{
   "blocktype":"Outport",
   "masktype":""
  }
 },
 {
  "sid":"IAEKF:3353",
  "className":"Simulink.Outport",
  "icon":"IAEKF2",
  "name":"SOC_SAEKF_02",
  "label":"SOC_SAEKF_02",
  "parent":"IAEKF",
  "inspector":{
   "params":[
    "Port",
    "SignalName",
    "IconDisplay",
    "EnsureOutportIsVirtual",
    "OutMin",
    "OutMax",
    "OutDataTypeStr",
    "LockScale",
    "Unit",
    "PortDimensions",
    "VarSizeSig",
    "SampleTime",
    "SignalType",
    "BusOutputAsStruct",
    "BusVirtuality",
    "DataMode",
    "InitialOutput",
    "MustResolveToSignalObject",
    "OutputFunctionCall",
    "OutputWhenDisabled",
    "OutputWhenUnConnected",
    "OutputWhenUnconnectedValue",
    "SignalObject",
    "SourceOfInitialOutputValue",
    "StorageClass",
    "VectorParamsAs1DForOutWhenUnconnected"
   ],
   "values":[
    "7",
    "",
    "Port number",
    "off",
    "[]",
    "[]",
    "Inherit: auto",
    "off",
    "inherit",
    "-1",
    "Inherit",
    "-1",
    "auto",
    "off",
    "inherit",
    "inherit",
    "[]",
    "off",
    "off",
    "held",
    "off",
    "0",
    [
    ],
    "Dialog",
    "Auto",
    "on"
   ],
   "tabs":[
    "主要",
    "信号属性",
    "-Other"
   ],
   "tabs_idx":[
    0,
    4,
    13
   ]
  },
  "viewer":{
   "jshandler":"webview/handlers/ElementHandler"
  },
  "obj_viewer":[
  ],
  "finder":{
   "blocktype":"Outport",
   "masktype":""
  }
 },
 {
  "sid":"IAEKF:3345#out:1",
  "className":"Simulink.Line",
  "icon":"IAEKF3",
  "name":"",
  "label":"",
  "parent":"IAEKF",
  "inspector":{
   "params":[
    "SignalNameFromLabel",
    "MustResolveToSignal",
    "ShowPropagatedSignal",
    "DataLogging",
    "TestPoint",
    "SignalObjectPackage",
    "StorageClass",
    "Description",
    "documentLink"
   ],
   "values":[
    "",
    "off",
    "off",
    "off",
    "off",
    "Simulink",
    "Auto",
    "",
    ""
   ],
   "tabs":[
    "Parameter Attributes",
    "Logging and Accessibility",
    "Code Generation",
    "Documentation"
   ],
   "tabs_idx":[
    0,
    3,
    5,
    7
   ]
  },
  "viewer":{
   "jshandler":"webview/handlers/ElementHandler"
  },
  "obj_viewer":[
  ],
  "finder":[
  ]
 },
 {
  "sid":"IAEKF:3346#out:1",
  "className":"Simulink.Line",
  "icon":"IAEKF3",
  "name":"",
  "label":"",
  "parent":"IAEKF",
  "inspector":{
   "params":[
    "SignalNameFromLabel",
    "MustResolveToSignal",
    "ShowPropagatedSignal",
    "DataLogging",
    "TestPoint",
    "SignalObjectPackage",
    "StorageClass",
    "Description",
    "documentLink"
   ],
   "values":[
    "",
    "off",
    "off",
    "off",
    "off",
    "Simulink",
    "Auto",
    "",
    ""
   ],
   "tabs":[
    "Parameter Attributes",
    "Logging and Accessibility",
    "Code Generation",
    "Documentation"
   ],
   "tabs_idx":[
    0,
    3,
    5,
    7
   ]
  },
  "viewer":{
   "jshandler":"webview/handlers/ElementHandler"
  },
  "obj_viewer":[
  ],
  "finder":[
  ]
 },
 {
  "sid":"IAEKF:2042#out:1",
  "className":"Simulink.Line",
  "icon":"IAEKF3",
  "name":"",
  "label":"",
  "parent":"IAEKF",
  "inspector":{
   "params":[
    "SignalNameFromLabel",
    "MustResolveToSignal",
    "ShowPropagatedSignal",
    "DataLogging",
    "TestPoint",
    "SignalObjectPackage",
    "StorageClass",
    "Description",
    "documentLink"
   ],
   "values":[
    "",
    "off",
    "off",
    "on",
    "off",
    "Simulink",
    "Auto",
    "",
    ""
   ],
   "tabs":[
    "Parameter Attributes",
    "Logging and Accessibility",
    "Code Generation",
    "Documentation"
   ],
   "tabs_idx":[
    0,
    3,
    5,
    7
   ]
  },
  "viewer":{
   "jshandler":"webview/handlers/ElementHandler"
  },
  "obj_viewer":[
  ],
  "finder":[
  ]
 },
 {
  "sid":"IAEKF:2042#out:2",
  "className":"Simulink.Line",
  "icon":"IAEKF3",
  "name":"",
  "label":"",
  "parent":"IAEKF",
  "inspector":{
   "params":[
    "SignalNameFromLabel",
    "MustResolveToSignal",
    "ShowPropagatedSignal",
    "DataLogging",
    "TestPoint",
    "SignalObjectPackage",
    "StorageClass",
    "Description",
    "documentLink"
   ],
   "values":[
    "",
    "off",
    "off",
    "off",
    "off",
    "Simulink",
    "Auto",
    "",
    ""
   ],
   "tabs":[
    "Parameter Attributes",
    "Logging and Accessibility",
    "Code Generation",
    "Documentation"
   ],
   "tabs_idx":[
    0,
    3,
    5,
    7
   ]
  },
  "viewer":{
   "jshandler":"webview/handlers/ElementHandler"
  },
  "obj_viewer":[
  ],
  "finder":[
  ]
 },
 {
  "sid":"IAEKF:2042#out:3",
  "className":"Simulink.Line",
  "icon":"IAEKF3",
  "name":"",
  "label":"",
  "parent":"IAEKF",
  "inspector":{
   "params":[
    "SignalNameFromLabel",
    "MustResolveToSignal",
    "ShowPropagatedSignal",
    "DataLogging",
    "TestPoint",
    "SignalObjectPackage",
    "StorageClass",
    "Description",
    "documentLink"
   ],
   "values":[
    "",
    "off",
    "off",
    "off",
    "off",
    "Simulink",
    "Auto",
    "",
    ""
   ],
   "tabs":[
    "Parameter Attributes",
    "Logging and Accessibility",
    "Code Generation",
    "Documentation"
   ],
   "tabs_idx":[
    0,
    3,
    5,
    7
   ]
  },
  "viewer":{
   "jshandler":"webview/handlers/ElementHandler"
  },
  "obj_viewer":[
  ],
  "finder":[
  ]
 },
 {
  "sid":"IAEKF:2042#out:4",
  "className":"Simulink.Line",
  "icon":"IAEKF3",
  "name":"",
  "label":"",
  "parent":"IAEKF",
  "inspector":{
   "params":[
    "SignalNameFromLabel",
    "MustResolveToSignal",
    "ShowPropagatedSignal",
    "DataLogging",
    "TestPoint",
    "SignalObjectPackage",
    "StorageClass",
    "Description",
    "documentLink"
   ],
   "values":[
    "",
    "off",
    "off",
    "off",
    "off",
    "Simulink",
    "Auto",
    "",
    ""
   ],
   "tabs":[
    "Parameter Attributes",
    "Logging and Accessibility",
    "Code Generation",
    "Documentation"
   ],
   "tabs_idx":[
    0,
    3,
    5,
    7
   ]
  },
  "viewer":{
   "jshandler":"webview/handlers/ElementHandler"
  },
  "obj_viewer":[
  ],
  "finder":[
  ]
 },
 {
  "sid":"IAEKF:2042#out:5",
  "className":"Simulink.Line",
  "icon":"IAEKF3",
  "name":"",
  "label":"",
  "parent":"IAEKF",
  "inspector":{
   "params":[
    "SignalNameFromLabel",
    "MustResolveToSignal",
    "ShowPropagatedSignal",
    "DataLogging",
    "TestPoint",
    "SignalObjectPackage",
    "StorageClass",
    "Description",
    "documentLink"
   ],
   "values":[
    "",
    "off",
    "off",
    "off",
    "off",
    "Simulink",
    "Auto",
    "",
    ""
   ],
   "tabs":[
    "Parameter Attributes",
    "Logging and Accessibility",
    "Code Generation",
    "Documentation"
   ],
   "tabs_idx":[
    0,
    3,
    5,
    7
   ]
  },
  "viewer":{
   "jshandler":"webview/handlers/ElementHandler"
  },
  "obj_viewer":[
  ],
  "finder":[
  ]
 },
 {
  "sid":"IAEKF:2042#out:6",
  "className":"Simulink.Line",
  "icon":"IAEKF3",
  "name":"",
  "label":"",
  "parent":"IAEKF",
  "inspector":{
   "params":[
    "SignalNameFromLabel",
    "MustResolveToSignal",
    "ShowPropagatedSignal",
    "DataLogging",
    "TestPoint",
    "SignalObjectPackage",
    "StorageClass",
    "Description",
    "documentLink"
   ],
   "values":[
    "",
    "off",
    "off",
    "off",
    "off",
    "Simulink",
    "Auto",
    "",
    ""
   ],
   "tabs":[
    "Parameter Attributes",
    "Logging and Accessibility",
    "Code Generation",
    "Documentation"
   ],
   "tabs_idx":[
    0,
    3,
    5,
    7
   ]
  },
  "viewer":{
   "jshandler":"webview/handlers/ElementHandler"
  },
  "obj_viewer":[
  ],
  "finder":[
  ]
 },
 {
  "sid":"IAEKF:2042#out:7",
  "className":"Simulink.Line",
  "icon":"IAEKF3",
  "name":"",
  "label":"",
  "parent":"IAEKF",
  "inspector":{
   "params":[
    "SignalNameFromLabel",
    "MustResolveToSignal",
    "ShowPropagatedSignal",
    "DataLogging",
    "TestPoint",
    "SignalObjectPackage",
    "StorageClass",
    "Description",
    "documentLink"
   ],
   "values":[
    "",
    "off",
    "off",
    "off",
    "off",
    "Simulink",
    "Auto",
    "",
    ""
   ],
   "tabs":[
    "Parameter Attributes",
    "Logging and Accessibility",
    "Code Generation",
    "Documentation"
   ],
   "tabs_idx":[
    0,
    3,
    5,
    7
   ]
  },
  "viewer":{
   "jshandler":"webview/handlers/ElementHandler"
  },
  "obj_viewer":[
  ],
  "finder":[
  ]
 }
]