[
 {
  "sid":"IAEKF:3043:959:12",
  "className":"Simulink.DataStoreWrite",
  "icon":"IAEKF2",
  "name":"Data Store WriteX",
  "label":"Data Store WriteX",
  "parent":"IAEKF:3043:959",
  "inspector":{
   "params":[
    "DataStoreName",
    "SampleTime",
    "DataStoreElements",
    "EnableIndexing",
    "IndexMode",
    "IndexOptionArray",
    "IndexOptions",
    "IndexParamArray",
    "Indices",
    "NumberOfDimensions",
    "OutputSizeArray",
    "OutputSizes"
   ],
   "values":[
    "x",
    "-1",
    "",
    "off",
    "One-based",
    "Index vector (dialog)",
    "Index vector (dialog)",
    "1",
    "1",
    "1",
    "1",
    "1"
   ],
   "tabs":[
    "参数",
    "-Other"
   ],
   "tabs_idx":[
    0,
    2
   ]
  },
  "viewer":{
   "jshandler":"webview/handlers/ElementLinkHandler",
   "destinations":[
    "IAEKF:3043:955",
    "IAEKF:3043:708",
    "IAEKF:3043:959:10"
   ]
  },
  "obj_viewer":[
  ],
  "finder":{
   "blocktype":"DataStoreWrite",
   "masktype":""
  }
 },
 {
  "sid":"IAEKF:3043:959:8",
  "className":"Simulink.SubSystem",
  "icon":"IAEKF6",
  "name":"Correct",
  "label":"Correct",
  "parent":"IAEKF:3043:959",
  "inspector":{
   "params":[
    "ShowPortLabels",
    "Permissions",
    "ErrorFcn",
    "PermitHierarchicalResolution",
    "TreatAsAtomicUnit",
    "TreatAsGroupedWhenPropagatingVariantConditions",
    "RTWSystemCode",
    "AllowZeroVariantControls",
    "AutoFrameSizeCalculation",
    "BlockChoice",
    "CompiledActiveChoiceBlock",
    "CompiledActiveChoiceControl",
    "ExecutionDomainType",
    "FunctionInterfaceSpec",
    "FunctionWithSeparateData",
    "IsSubsystemVirtual",
    "LabelModeActiveChoice",
    "Latency",
    "MemberBlocks",
    "MinAlgLoopOccurrences",
    "PartitionName",
    "PropagateVariantConditions",
    "RTWFcnName",
    "RTWFcnNameOpts",
    "RTWFileName",
    "RTWFileNameOpts",
    "RTWMemSecDataConstants",
    "RTWMemSecDataInternal",
    "RTWMemSecDataParameters",
    "RTWMemSecFuncExecute",
    "RTWMemSecFuncInitTerm",
    "ReferencedSubsystem",
    "ScheduleAs",
    "SetExecutionDomain",
    "SystemSampleTime",
    "TemplateBlock",
    "Variant",
    "VariantActivationTime",
    "VariantChoices",
    "VariantControl",
    "VariantControlMode"
   ],
   "values":[
    "FromPortIcon",
    "ReadWrite",
    "Stateflow.Translate.translate",
    "ExplicitOnly",
    "on",
    "on",
    "Auto",
    "off",
    "off",
    "",
    "",
    "",
    "Deduce",
    "void_void",
    "off",
    "off",
    "",
    "0",
    "",
    "off",
    "",
    "off",
    "",
    "Auto",
    "",
    "Auto",
    "Inherit from model",
    "Inherit from model",
    "Inherit from model",
    "Inherit from model",
    "Inherit from model",
    "",
    "Sample time",
    "off",
    "-1",
    "",
    "off",
    "update diagram",
    [
    ],
    "",
    "expression"
   ],
   "tabs":[
    "主要",
    "代码生成",
    "-Other"
   ],
   "tabs_idx":[
    0,
    6,
    7
   ]
  },
  "viewer":{
   "jshandler":"webview/handlers/ElementHandler"
  },
  "obj_viewer":{
   "code":"function [xNew,P,blockOrdering] = fcn(x,P,yMeas,R,uMeas,blockOrdering,pM)\n% ekfCorrect Correction step for EKF\n%\n%   Copyright 2016-2021 The MathWorks, Inc.\n\n%#codegen\n\n% If measurement noise is time-varying then compute square-root\n% factorization.\nif pM.HasTimeVaryingR\n   R = matlabshared.tracking.internal.svdPSD(R);\nend\n\n% Construct the function handle for measurement fcn\nif pM.IsSimulinkFcn\n    MeasurementFcnH_SL = str2func(pM.FcnName);\n    if pM.HasAdditiveNoise\n        MeasurementFcnH = @(fState)MeasurementFcnH_SL(fState);\n    else\n        MeasurementFcnH = @(fState,fMeasNoise)MeasurementFcnH_SL(fState,fMeasNoise);\n    end\nelse\n    MeasurementFcnH = str2func(pM.FcnName);\nend\n\n% Construct the function handle for measurement Jacobian fcn\nif pM.HasJacobian\n    if pM.IsSimulinkFcn\n        MeasurementJacobianFcnH_SL = str2func(pM.JacobianFcnName);\n        if pM.HasAdditiveNoise\n            MeasurementJacobianFcnH = @(fState)MeasurementJacobianFcnH_SL(fState);\n        else\n            MeasurementJacobianFcnH = @(fState,fMeasNoise)MeasurementJacobianFcnH_SL(fState,fMeasNoise);\n        end\n    else\n        MeasurementJacobianFcnH = str2func(pM.JacobianFcnName);\n    end\nelse\n    MeasurementJacobianFcnH = [];\nend\n\n% Handle (optional) extra input arguments of the measurement & jacobian fcns\nswitch pM.NumberOfExtraArgumentInports\n    case 0\n        extraArgs = {};\n    case 1\n        extraArgs = {uMeas};\n    otherwise\n        assert(false);\nend\n\n% Construct the corrector, perform the update\nif pM.HasAdditiveNoise\n    ekfCorrector = matlabshared.tracking.internal.EKFCorrectorAdditive();\nelse\n    ekfCorrector = matlabshared.tracking.internal.EKFCorrectorNonAdditive();\nend\n\n% Check if dimensions and type of Measurement and Jacobian are correct\nif pM.HasAdditiveNoise\n   % Additive noise\n   \n   % MeasurementFcn\n   ztry = MeasurementFcnH(x, extraArgs{:});\n   \n   if pM.IsSimulinkFcn\n      hasError = (numel(ztry) ~= numel(yMeas));\n   else\n      hasError = (numel(ztry) ~= numel(yMeas)) || ~isa(ztry, class(x));\n   end\n   \n   coder.internal.errorIf(...\n      hasError,...\n      'shared_tracking:ExtendedKalmanFilter:MeasurementNonMatchingSizeOrClass',...\n      'MeasurementFcn');\n   \n   if pM.HasJacobian\n      % MeasurementJacobianFcn\n      Htry = MeasurementJacobianFcnH(x, extraArgs{:});\n      isSizeNotCorrect = numel(yMeas) ~= size(Htry,1) || numel(x) ~= size(Htry,2);\n      \n      if pM.IsSimulinkFcn\n         hasError = isSizeNotCorrect;\n      else\n         hasError = isSizeNotCorrect || ~isa(Htry, class(x));\n      end\n      \n      coder.internal.errorIf(...\n         hasError,...\n         'shared_tracking:ExtendedKalmanFilter:MeasurementJacobianNonMatchingSizeOrClass',...\n         'MeasurementJacobianFcn',numel(yMeas),numel(x));\n   end   \nelse\n   % Non-additive noise\n   \n   % MeasurementFcn\n   ztry = MeasurementFcnH(...\n      x, zeros(size(R,1),1,'like',x), ...\n      extraArgs{:});   \n\n   if pM.IsSimulinkFcn\n      hasError = (numel(ztry) ~= numel(yMeas));\n   else\n      hasError = (numel(ztry) ~= numel(yMeas)) || ~isa(ztry, class(x));\n   end\n   \n   coder.internal.errorIf(...\n      hasError,...\n      'shared_tracking:ExtendedKalmanFilter:MeasurementNonMatchingSizeOrClass',...\n      'MeasurementFcn');\n   \n   if pM.HasJacobian\n      % MeasurementJacobianFcn\n      Htry = MeasurementJacobianFcnH(...\n         x, zeros(size(R,1),1,'like',x), ...\n         extraArgs{:});\n      \n      isSizeNotCorrect = numel(yMeas) ~= size(Htry,1) || numel(x) ~= size(Htry,2);     \n      \n      if pM.IsSimulinkFcn\n         hasError = isSizeNotCorrect;\n      else\n         hasError = isSizeNotCorrect || ~isa(Htry, class(x));\n      end\n      \n      coder.internal.errorIf(...\n         hasError,...\n         'shared_tracking:ExtendedKalmanFilter:MeasurementJacobianNonMatchingSizeOrClass',...\n         'MeasurementJacobianFcn',numel(yMeas),numel(x));\n   end\nend\n\nxNew = zeros(size(x),'like',x); %#ok<PREALL>\n\n[xNew,P] = ekfCorrector.correct(...\n        yMeas,R,x,P,MeasurementFcnH,MeasurementJacobianFcnH,extraArgs{:});\nend",
   "code_sid":"IAEKF:3043:959:8:1"
  },
  "finder":{
   "blocktype":"SubSystem",
   "masktype":""
  }
 },
 {
  "sid":"IAEKF:3043:959:11",
  "className":"Simulink.DataStoreWrite",
  "icon":"IAEKF2",
  "name":"Data Store WriteP",
  "label":"Data Store WriteP",
  "parent":"IAEKF:3043:959",
  "inspector":{
   "params":[
    "DataStoreName",
    "SampleTime",
    "DataStoreElements",
    "EnableIndexing",
    "IndexMode",
    "IndexOptionArray",
    "IndexOptions",
    "IndexParamArray",
    "Indices",
    "NumberOfDimensions",
    "OutputSizeArray",
    "OutputSizes"
   ],
   "values":[
    "P",
    "-1",
    "",
    "off",
    "One-based",
    "Index vector (dialog)",
    "Index vector (dialog)",
    "1",
    "1",
    "1",
    "1",
    "1"
   ],
   "tabs":[
    "参数",
    "-Other"
   ],
   "tabs_idx":[
    0,
    2
   ]
  },
  "viewer":{
   "jshandler":"webview/handlers/ElementLinkHandler",
   "destinations":[
    "IAEKF:3043:954",
    "IAEKF:3043:709",
    "IAEKF:3043:959:9"
   ]
  },
  "obj_viewer":[
  ],
  "finder":{
   "blocktype":"DataStoreWrite",
   "masktype":""
  }
 },
 {
  "sid":"IAEKF:3043:959:10",
  "className":"Simulink.DataStoreRead",
  "icon":"IAEKF2",
  "name":"Data Store ReadX",
  "label":"Data Store ReadX",
  "parent":"IAEKF:3043:959",
  "inspector":{
   "params":[
    "DataStoreName",
    "SampleTime",
    "DataStoreElements",
    "EnableIndexing",
    "IndexMode",
    "IndexOptionArray",
    "IndexOptions",
    "IndexParamArray",
    "Indices",
    "NumberOfDimensions",
    "OutputSizeArray",
    "OutputSizes"
   ],
   "values":[
    "x",
    "-1",
    "",
    "off",
    "One-based",
    "Index vector (dialog)",
    "Index vector (dialog)",
    "1",
    "1",
    "1",
    "1",
    "1"
   ],
   "tabs":[
    "参数",
    "-Other"
   ],
   "tabs_idx":[
    0,
    2
   ]
  },
  "viewer":{
   "jshandler":"webview/handlers/ElementLinkHandler",
   "destinations":[
    "IAEKF:3043:953",
    "IAEKF:3043:959:12"
   ]
  },
  "obj_viewer":[
  ],
  "finder":{
   "blocktype":"DataStoreRead",
   "masktype":""
  }
 },
 {
  "sid":"IAEKF:3043:959:9",
  "className":"Simulink.DataStoreRead",
  "icon":"IAEKF2",
  "name":"Data Store ReadP",
  "label":"Data Store ReadP",
  "parent":"IAEKF:3043:959",
  "inspector":{
   "params":[
    "DataStoreName",
    "SampleTime",
    "DataStoreElements",
    "EnableIndexing",
    "IndexMode",
    "IndexOptionArray",
    "IndexOptions",
    "IndexParamArray",
    "Indices",
    "NumberOfDimensions",
    "OutputSizeArray",
    "OutputSizes"
   ],
   "values":[
    "P",
    "-1",
    "",
    "off",
    "One-based",
    "Index vector (dialog)",
    "Index vector (dialog)",
    "1",
    "1",
    "1",
    "1",
    "1"
   ],
   "tabs":[
    "参数",
    "-Other"
   ],
   "tabs_idx":[
    0,
    2
   ]
  },
  "viewer":{
   "jshandler":"webview/handlers/ElementLinkHandler",
   "destinations":[
    "IAEKF:3043:952",
    "IAEKF:3043:959:11"
   ]
  },
  "obj_viewer":[
  ],
  "finder":{
   "blocktype":"DataStoreRead",
   "masktype":""
  }
 },
 {
  "sid":"IAEKF:3043:959:5",
  "className":"Simulink.Inport",
  "icon":"IAEKF2",
  "name":"yMeas",
  "label":"yMeas",
  "parent":"IAEKF:3043:959",
  "inspector":{
   "params":[
    "Port",
    "IconDisplay",
    "LatchByDelayingOutsideSignal",
    "LatchInputForFeedbackSignals",
    "Interpolate",
    "OutputFunctionCall",
    "OutMin",
    "OutMax",
    "OutDataTypeStr",
    "LockScale",
    "Unit",
    "PortDimensions",
    "VarSizeSig",
    "SampleTime",
    "SignalType",
    "BusOutputAsStruct",
    "BusVirtuality",
    "DataMode",
    "InputConnect",
    "MessageQueueCapacity",
    "MessageQueueOverwriting",
    "MessageQueueType",
    "MessageQueueUseDefaultAttributes"
   ],
   "values":[
    "1",
    "Port number",
    "off",
    "off",
    "on",
    "off",
    "[]",
    "[]",
    "Inherit: auto",
    "off",
    "inherit",
    "-1",
    "Inherit",
    "SampleTime",
    "auto",
    "off",
    "inherit",
    "inherit",
    "",
    "1",
    "on",
    "LIFO",
    "on"
   ],
   "tabs":[
    "主要",
    "信号属性",
    "-Other"
   ],
   "tabs_idx":[
    0,
    5,
    15
   ]
  },
  "viewer":{
   "jshandler":"webview/handlers/ElementHandler"
  },
  "obj_viewer":[
  ],
  "finder":{
   "blocktype":"Inport",
   "masktype":""
  }
 },
 {
  "sid":"IAEKF:3043:959:6",
  "className":"Simulink.Inport",
  "icon":"IAEKF2",
  "name":"R",
  "label":"R",
  "parent":"IAEKF:3043:959",
  "inspector":{
   "params":[
    "Port",
    "IconDisplay",
    "LatchByDelayingOutsideSignal",
    "LatchInputForFeedbackSignals",
    "Interpolate",
    "OutputFunctionCall",
    "OutMin",
    "OutMax",
    "OutDataTypeStr",
    "LockScale",
    "Unit",
    "PortDimensions",
    "VarSizeSig",
    "SampleTime",
    "SignalType",
    "BusOutputAsStruct",
    "BusVirtuality",
    "DataMode",
    "InputConnect",
    "MessageQueueCapacity",
    "MessageQueueOverwriting",
    "MessageQueueType",
    "MessageQueueUseDefaultAttributes"
   ],
   "values":[
    "2",
    "Port number",
    "off",
    "off",
    "on",
    "off",
    "[]",
    "[]",
    "Inherit: auto",
    "off",
    "inherit",
    "-1",
    "Inherit",
    "SampleTime",
    "auto",
    "off",
    "inherit",
    "inherit",
    "",
    "1",
    "on",
    "LIFO",
    "on"
   ],
   "tabs":[
    "主要",
    "信号属性",
    "-Other"
   ],
   "tabs_idx":[
    0,
    5,
    15
   ]
  },
  "viewer":{
   "jshandler":"webview/handlers/ElementHandler"
  },
  "obj_viewer":[
  ],
  "finder":{
   "blocktype":"Inport",
   "masktype":""
  }
 },
 {
  "sid":"IAEKF:3043:959:7",
  "className":"Simulink.EnablePort",
  "icon":"IAEKF2",
  "name":"Enable",
  "label":"Enable",
  "parent":"IAEKF:3043:959",
  "inspector":{
   "params":[
    "StatesWhenEnabling",
    "PropagateVarSize",
    "ShowOutputPort",
    "ZeroCross",
    "PortDimensions",
    "SampleTime",
    "OutMin",
    "OutMax",
    "OutDataTypeStr",
    "Interpolate"
   ],
   "values":[
    "held",
    "Only when enabling",
    "off",
    "on",
    "1",
    "-1",
    "[]",
    "[]",
    "double",
    "on"
   ],
   "tabs":[
    "主要",
    "信号属性"
   ],
   "tabs_idx":[
    0,
    4
   ]
  },
  "viewer":{
   "jshandler":"webview/handlers/ElementHandler"
  },
  "obj_viewer":[
  ],
  "finder":{
   "blocktype":"EnablePort",
   "masktype":""
  }
 },
 {
  "sid":"IAEKF:3043:959:78",
  "className":"Simulink.Inport",
  "icon":"IAEKF2",
  "name":"uMeas",
  "label":"uMeas",
  "parent":"IAEKF:3043:959",
  "inspector":{
   "params":[
    "Port",
    "IconDisplay",
    "LatchByDelayingOutsideSignal",
    "LatchInputForFeedbackSignals",
    "Interpolate",
    "OutputFunctionCall",
    "OutMin",
    "OutMax",
    "OutDataTypeStr",
    "LockScale",
    "Unit",
    "PortDimensions",
    "VarSizeSig",
    "SampleTime",
    "SignalType",
    "BusOutputAsStruct",
    "BusVirtuality",
    "DataMode",
    "InputConnect",
    "MessageQueueCapacity",
    "MessageQueueOverwriting",
    "MessageQueueType",
    "MessageQueueUseDefaultAttributes"
   ],
   "values":[
    "3",
    "Port number",
    "off",
    "off",
    "on",
    "off",
    "[]",
    "[]",
    "Inherit: auto",
    "off",
    "inherit",
    "-1",
    "Inherit",
    "SampleTime",
    "auto",
    "off",
    "inherit",
    "inherit",
    "",
    "1",
    "on",
    "LIFO",
    "on"
   ],
   "tabs":[
    "主要",
    "信号属性",
    "-Other"
   ],
   "tabs_idx":[
    0,
    5,
    15
   ]
  },
  "viewer":{
   "jshandler":"webview/handlers/ElementHandler"
  },
  "obj_viewer":[
  ],
  "finder":{
   "blocktype":"Inport",
   "masktype":""
  }
 },
 {
  "sid":"IAEKF:3043:959:80",
  "className":"Simulink.SFunction",
  "icon":"IAEKF2",
  "name":"RegisterSimulinkFcn",
  "label":"RegisterSimulinkFcn",
  "parent":"IAEKF:3043:959",
  "inspector":{
   "params":[
    "FunctionName",
    "Parameters",
    "SFunctionModules"
   ],
   "values":[
    "ekfukfRegisterSimulinkFcn",
    "int32(3), 1, pM.HasAdditiveNoise, SampleTime, DataType, SLFcnsToRegister",
    "''"
   ],
   "tabs":[
    "Parameter Attributes"
   ],
   "tabs_idx":0
  },
  "viewer":{
   "jshandler":"webview/handlers/ElementHandler"
  },
  "obj_viewer":[
  ],
  "finder":{
   "blocktype":"S-Function",
   "masktype":""
  }
 },
 {
  "sid":"IAEKF:3043:959:81",
  "className":"Simulink.Inport",
  "icon":"IAEKF2",
  "name":"uBlockOrdering",
  "label":"uBlockOrdering",
  "parent":"IAEKF:3043:959",
  "inspector":{
   "params":[
    "Port",
    "IconDisplay",
    "LatchByDelayingOutsideSignal",
    "LatchInputForFeedbackSignals",
    "Interpolate",
    "OutputFunctionCall",
    "OutMin",
    "OutMax",
    "OutDataTypeStr",
    "LockScale",
    "Unit",
    "PortDimensions",
    "VarSizeSig",
    "SampleTime",
    "SignalType",
    "BusOutputAsStruct",
    "BusVirtuality",
    "DataMode",
    "InputConnect",
    "MessageQueueCapacity",
    "MessageQueueOverwriting",
    "MessageQueueType",
    "MessageQueueUseDefaultAttributes"
   ],
   "values":[
    "4",
    "Port number",
    "off",
    "off",
    "on",
    "off",
    "[]",
    "[]",
    "Inherit: auto",
    "off",
    "inherit",
    "-1",
    "Inherit",
    "SampleTime",
    "auto",
    "off",
    "inherit",
    "inherit",
    "",
    "1",
    "on",
    "LIFO",
    "on"
   ],
   "tabs":[
    "主要",
    "信号属性",
    "-Other"
   ],
   "tabs_idx":[
    0,
    5,
    15
   ]
  },
  "viewer":{
   "jshandler":"webview/handlers/ElementHandler"
  },
  "obj_viewer":[
  ],
  "finder":{
   "blocktype":"Inport",
   "masktype":""
  }
 },
 {
  "sid":"IAEKF:3043:959:82",
  "className":"Simulink.Outport",
  "icon":"IAEKF2",
  "name":"yBlockOrdering",
  "label":"yBlockOrdering",
  "parent":"IAEKF:3043:959",
  "inspector":{
   "params":[
    "Port",
    "SignalName",
    "IconDisplay",
    "EnsureOutportIsVirtual",
    "OutMin",
    "OutMax",
    "OutDataTypeStr",
    "LockScale",
    "Unit",
    "PortDimensions",
    "VarSizeSig",
    "SampleTime",
    "SignalType",
    "BusOutputAsStruct",
    "BusVirtuality",
    "DataMode",
    "InitialOutput",
    "MustResolveToSignalObject",
    "OutputFunctionCall",
    "OutputWhenDisabled",
    "OutputWhenUnConnected",
    "OutputWhenUnconnectedValue",
    "SignalObject",
    "SourceOfInitialOutputValue",
    "StorageClass",
    "VectorParamsAs1DForOutWhenUnconnected"
   ],
   "values":[
    "1",
    "",
    "Port number",
    "off",
    "[]",
    "[]",
    "Inherit: auto",
    "off",
    "inherit",
    "-1",
    "Inherit",
    "-1",
    "auto",
    "off",
    "inherit",
    "inherit",
    "[]",
    "off",
    "off",
    "held",
    "off",
    "0",
    [
    ],
    "Dialog",
    "Auto",
    "off"
   ],
   "tabs":[
    "主要",
    "信号属性",
    "-Other"
   ],
   "tabs_idx":[
    0,
    4,
    13
   ]
  },
  "viewer":{
   "jshandler":"webview/handlers/ElementHandler"
  },
  "obj_viewer":[
  ],
  "finder":{
   "blocktype":"Outport",
   "masktype":""
  }
 },
 {
  "sid":"IAEKF:3043:959:78#out:1",
  "className":"Simulink.Line",
  "icon":"IAEKF3",
  "name":"",
  "label":"",
  "parent":"IAEKF:3043:959",
  "inspector":{
   "params":[
    "SignalNameFromLabel",
    "MustResolveToSignal",
    "ShowPropagatedSignal",
    "DataLogging",
    "TestPoint",
    "SignalObjectPackage",
    "StorageClass",
    "Description",
    "documentLink"
   ],
   "values":[
    "",
    "off",
    "off",
    "off",
    "off",
    "Simulink",
    "Auto",
    "",
    ""
   ],
   "tabs":[
    "Parameter Attributes",
    "Logging and Accessibility",
    "Code Generation",
    "Documentation"
   ],
   "tabs_idx":[
    0,
    3,
    5,
    7
   ]
  },
  "viewer":{
   "jshandler":"webview/handlers/ElementHandler"
  },
  "obj_viewer":[
  ],
  "finder":[
  ]
 },
 {
  "sid":"IAEKF:3043:959:81#out:1",
  "className":"Simulink.Line",
  "icon":"IAEKF3",
  "name":"",
  "label":"",
  "parent":"IAEKF:3043:959",
  "inspector":{
   "params":[
    "SignalNameFromLabel",
    "MustResolveToSignal",
    "ShowPropagatedSignal",
    "DataLogging",
    "TestPoint",
    "SignalObjectPackage",
    "StorageClass",
    "Description",
    "documentLink"
   ],
   "values":[
    "",
    "off",
    "off",
    "off",
    "off",
    "Simulink",
    "Auto",
    "",
    ""
   ],
   "tabs":[
    "Parameter Attributes",
    "Logging and Accessibility",
    "Code Generation",
    "Documentation"
   ],
   "tabs_idx":[
    0,
    3,
    5,
    7
   ]
  },
  "viewer":{
   "jshandler":"webview/handlers/ElementHandler"
  },
  "obj_viewer":[
  ],
  "finder":[
  ]
 },
 {
  "sid":"IAEKF:3043:959:8#out:3",
  "className":"Simulink.Line",
  "icon":"IAEKF3",
  "name":"",
  "label":"",
  "parent":"IAEKF:3043:959",
  "inspector":{
   "params":[
    "SignalNameFromLabel",
    "MustResolveToSignal",
    "ShowPropagatedSignal",
    "DataLogging",
    "TestPoint",
    "SignalObjectPackage",
    "StorageClass",
    "Description",
    "documentLink"
   ],
   "values":[
    "",
    "off",
    "off",
    "off",
    "off",
    "Simulink",
    "Auto",
    "",
    ""
   ],
   "tabs":[
    "Parameter Attributes",
    "Logging and Accessibility",
    "Code Generation",
    "Documentation"
   ],
   "tabs_idx":[
    0,
    3,
    5,
    7
   ]
  },
  "viewer":{
   "jshandler":"webview/handlers/ElementHandler"
  },
  "obj_viewer":[
  ],
  "finder":[
  ]
 },
 {
  "sid":"IAEKF:3043:959:8#out:1",
  "className":"Simulink.Line",
  "icon":"IAEKF3",
  "name":"",
  "label":"",
  "parent":"IAEKF:3043:959",
  "inspector":{
   "params":[
    "SignalNameFromLabel",
    "MustResolveToSignal",
    "ShowPropagatedSignal",
    "DataLogging",
    "TestPoint",
    "SignalObjectPackage",
    "StorageClass",
    "Description",
    "documentLink"
   ],
   "values":[
    "",
    "off",
    "off",
    "off",
    "off",
    "Simulink",
    "Auto",
    "",
    ""
   ],
   "tabs":[
    "Parameter Attributes",
    "Logging and Accessibility",
    "Code Generation",
    "Documentation"
   ],
   "tabs_idx":[
    0,
    3,
    5,
    7
   ]
  },
  "viewer":{
   "jshandler":"webview/handlers/ElementHandler"
  },
  "obj_viewer":[
  ],
  "finder":[
  ]
 },
 {
  "sid":"IAEKF:3043:959:6#out:1",
  "className":"Simulink.Line",
  "icon":"IAEKF3",
  "name":"",
  "label":"",
  "parent":"IAEKF:3043:959",
  "inspector":{
   "params":[
    "SignalNameFromLabel",
    "MustResolveToSignal",
    "ShowPropagatedSignal",
    "DataLogging",
    "TestPoint",
    "SignalObjectPackage",
    "StorageClass",
    "Description",
    "documentLink"
   ],
   "values":[
    "",
    "off",
    "off",
    "off",
    "off",
    "Simulink",
    "Auto",
    "",
    ""
   ],
   "tabs":[
    "Parameter Attributes",
    "Logging and Accessibility",
    "Code Generation",
    "Documentation"
   ],
   "tabs_idx":[
    0,
    3,
    5,
    7
   ]
  },
  "viewer":{
   "jshandler":"webview/handlers/ElementHandler"
  },
  "obj_viewer":[
  ],
  "finder":[
  ]
 },
 {
  "sid":"IAEKF:3043:959:5#out:1",
  "className":"Simulink.Line",
  "icon":"IAEKF3",
  "name":"",
  "label":"",
  "parent":"IAEKF:3043:959",
  "inspector":{
   "params":[
    "SignalNameFromLabel",
    "MustResolveToSignal",
    "ShowPropagatedSignal",
    "DataLogging",
    "TestPoint",
    "SignalObjectPackage",
    "StorageClass",
    "Description",
    "documentLink"
   ],
   "values":[
    "",
    "off",
    "off",
    "off",
    "off",
    "Simulink",
    "Auto",
    "",
    ""
   ],
   "tabs":[
    "Parameter Attributes",
    "Logging and Accessibility",
    "Code Generation",
    "Documentation"
   ],
   "tabs_idx":[
    0,
    3,
    5,
    7
   ]
  },
  "viewer":{
   "jshandler":"webview/handlers/ElementHandler"
  },
  "obj_viewer":[
  ],
  "finder":[
  ]
 },
 {
  "sid":"IAEKF:3043:959:8#out:2",
  "className":"Simulink.Line",
  "icon":"IAEKF3",
  "name":"",
  "label":"",
  "parent":"IAEKF:3043:959",
  "inspector":{
   "params":[
    "SignalNameFromLabel",
    "MustResolveToSignal",
    "ShowPropagatedSignal",
    "DataLogging",
    "TestPoint",
    "SignalObjectPackage",
    "StorageClass",
    "Description",
    "documentLink"
   ],
   "values":[
    "",
    "off",
    "off",
    "off",
    "off",
    "Simulink",
    "Auto",
    "",
    ""
   ],
   "tabs":[
    "Parameter Attributes",
    "Logging and Accessibility",
    "Code Generation",
    "Documentation"
   ],
   "tabs_idx":[
    0,
    3,
    5,
    7
   ]
  },
  "viewer":{
   "jshandler":"webview/handlers/ElementHandler"
  },
  "obj_viewer":[
  ],
  "finder":[
  ]
 },
 {
  "sid":"IAEKF:3043:959:9#out:1",
  "className":"Simulink.Line",
  "icon":"IAEKF3",
  "name":"",
  "label":"",
  "parent":"IAEKF:3043:959",
  "inspector":{
   "params":[
    "SignalNameFromLabel",
    "MustResolveToSignal",
    "ShowPropagatedSignal",
    "DataLogging",
    "TestPoint",
    "SignalObjectPackage",
    "StorageClass",
    "Description",
    "documentLink"
   ],
   "values":[
    "",
    "off",
    "off",
    "off",
    "off",
    "Simulink",
    "Auto",
    "",
    ""
   ],
   "tabs":[
    "Parameter Attributes",
    "Logging and Accessibility",
    "Code Generation",
    "Documentation"
   ],
   "tabs_idx":[
    0,
    3,
    5,
    7
   ]
  },
  "viewer":{
   "jshandler":"webview/handlers/ElementHandler"
  },
  "obj_viewer":[
  ],
  "finder":[
  ]
 },
 {
  "sid":"IAEKF:3043:959:10#out:1",
  "className":"Simulink.Line",
  "icon":"IAEKF3",
  "name":"",
  "label":"",
  "parent":"IAEKF:3043:959",
  "inspector":{
   "params":[
    "SignalNameFromLabel",
    "MustResolveToSignal",
    "ShowPropagatedSignal",
    "DataLogging",
    "TestPoint",
    "SignalObjectPackage",
    "StorageClass",
    "Description",
    "documentLink"
   ],
   "values":[
    "",
    "off",
    "off",
    "off",
    "off",
    "Simulink",
    "Auto",
    "",
    ""
   ],
   "tabs":[
    "Parameter Attributes",
    "Logging and Accessibility",
    "Code Generation",
    "Documentation"
   ],
   "tabs_idx":[
    0,
    3,
    5,
    7
   ]
  },
  "viewer":{
   "jshandler":"webview/handlers/ElementHandler"
  },
  "obj_viewer":[
  ],
  "finder":[
  ]
 }
]