[
 {
  "sid":"IAEKF:3041",
  "className":"Simulink.Inport",
  "icon":"IAEKF2",
  "name":"Current",
  "label":"Current",
  "parent":"IAEKF:3040",
  "inspector":{
   "params":[
    "Port",
    "IconDisplay",
    "LatchByDelayingOutsideSignal",
    "LatchInputForFeedbackSignals",
    "Interpolate",
    "OutputFunctionCall",
    "OutMin",
    "OutMax",
    "OutDataTypeStr",
    "LockScale",
    "Unit",
    "PortDimensions",
    "VarSizeSig",
    "SampleTime",
    "SignalType",
    "BusOutputAsStruct",
    "BusVirtuality",
    "DataMode",
    "InputConnect",
    "MessageQueueCapacity",
    "MessageQueueOverwriting",
    "MessageQueueType",
    "MessageQueueUseDefaultAttributes"
   ],
   "values":[
    "1",
    "Port number",
    "off",
    "off",
    "on",
    "off",
    "[]",
    "[]",
    "Inherit: auto",
    "off",
    "inherit",
    "-1",
    "Inherit",
    "-1",
    "auto",
    "off",
    "inherit",
    "inherit",
    "",
    "1",
    "on",
    "LIFO",
    "on"
   ],
   "tabs":[
    "主要",
    "信号属性",
    "-Other"
   ],
   "tabs_idx":[
    0,
    5,
    15
   ]
  },
  "viewer":{
   "jshandler":"webview/handlers/ElementHandler"
  },
  "obj_viewer":[
  ],
  "finder":{
   "blocktype":"Inport",
   "masktype":""
  }
 },
 {
  "sid":"IAEKF:3042",
  "className":"Simulink.Inport",
  "icon":"IAEKF2",
  "name":"voltage",
  "label":"voltage",
  "parent":"IAEKF:3040",
  "inspector":{
   "params":[
    "Port",
    "IconDisplay",
    "LatchByDelayingOutsideSignal",
    "LatchInputForFeedbackSignals",
    "Interpolate",
    "OutputFunctionCall",
    "OutMin",
    "OutMax",
    "OutDataTypeStr",
    "LockScale",
    "Unit",
    "PortDimensions",
    "VarSizeSig",
    "SampleTime",
    "SignalType",
    "BusOutputAsStruct",
    "BusVirtuality",
    "DataMode",
    "InputConnect",
    "MessageQueueCapacity",
    "MessageQueueOverwriting",
    "MessageQueueType",
    "MessageQueueUseDefaultAttributes"
   ],
   "values":[
    "2",
    "Port number",
    "off",
    "off",
    "on",
    "off",
    "[]",
    "[]",
    "Inherit: auto",
    "off",
    "inherit",
    "-1",
    "Inherit",
    "-1",
    "auto",
    "off",
    "inherit",
    "inherit",
    "",
    "1",
    "on",
    "LIFO",
    "on"
   ],
   "tabs":[
    "主要",
    "信号属性",
    "-Other"
   ],
   "tabs_idx":[
    0,
    5,
    15
   ]
  },
  "viewer":{
   "jshandler":"webview/handlers/ElementHandler"
  },
  "obj_viewer":[
  ],
  "finder":{
   "blocktype":"Inport",
   "masktype":""
  }
 },
 {
  "sid":"IAEKF:3043",
  "className":"Extended Kalman Filter",
  "icon":"IAEKF2",
  "name":"EKF",
  "label":"EKF",
  "parent":"IAEKF:3040",
  "inspector":{
   "params":[
    "StateTransitionFcn",
    "HasStateTransitionJacobianFcn",
    "StateTransitionJacobianFcn",
    "HasAdditiveProcessNoise",
    "ProcessNoise",
    "HasTimeVaryingProcessNoise",
    "InitialState",
    "InitialStateCovariance",
    "MeasurementFcn1",
    "HasMeasurementJacobianFcn1",
    "MeasurementJacobianFcn1",
    "HasMeasurementEnablePort1",
    "HasAdditiveMeasurementNoise1",
    "MeasurementNoise1",
    "HasTimeVaryingMeasurementNoise1",
    "MeasurementFcn2",
    "HasMeasurementJacobianFcn2",
    "MeasurementJacobianFcn2",
    "HasMeasurementEnablePort2",
    "HasAdditiveMeasurementNoise2",
    "MeasurementNoise2",
    "HasTimeVaryingMeasurementNoise2",
    "MeasurementFcn3",
    "HasMeasurementJacobianFcn3",
    "MeasurementJacobianFcn3",
    "HasMeasurementEnablePort3",
    "HasAdditiveMeasurementNoise3",
    "MeasurementNoise3",
    "HasTimeVaryingMeasurementNoise3",
    "MeasurementFcn4",
    "HasMeasurementJacobianFcn4",
    "MeasurementJacobianFcn4",
    "HasMeasurementEnablePort4",
    "HasAdditiveMeasurementNoise4",
    "MeasurementNoise4",
    "HasTimeVaryingMeasurementNoise4",
    "MeasurementFcn5",
    "HasMeasurementJacobianFcn5",
    "MeasurementJacobianFcn5",
    "HasMeasurementEnablePort5",
    "HasAdditiveMeasurementNoise5",
    "MeasurementNoise5",
    "HasTimeVaryingMeasurementNoise5",
    "EnableMultirate",
    "StateTransitionFcnSampleTime",
    "MeasurementFcn1SampleTime",
    "MeasurementFcn2SampleTime",
    "MeasurementFcn3SampleTime",
    "MeasurementFcn4SampleTime",
    "MeasurementFcn5SampleTime",
    "UseCurrentEstimator",
    "OutputStateCovariance",
    "DataType",
    "SampleTime"
   ],
   "values":[
    "batteryStateFcn",
    "off",
    "",
    "Additive",
    "1e-4*eye(3)",
    "off",
    "[1; 0; 0]",
    "[1e-1 1e-1 1e-1]",
    "batteryMeasurementFcn",
    "off",
    "",
    "off",
    "Additive",
    "1e-1",
    "off",
    "myMeasurementFcn",
    "off",
    "",
    "off",
    "Additive",
    "1",
    "off",
    "myMeasurementFcn",
    "off",
    "",
    "off",
    "Additive",
    "1",
    "off",
    "myMeasurementFcn",
    "off",
    "",
    "off",
    "Additive",
    "1",
    "off",
    "myMeasurementFcn",
    "off",
    "",
    "off",
    "Additive",
    "1",
    "off",
    "off",
    "1",
    "1",
    "1",
    "1",
    "1",
    "1",
    "on",
    "off",
    "double",
    "0.5"
   ],
   "tabs":[
   ],
   "tabs_idx":[
   ]
  },
  "viewer":{
   "jshandler":"webview/handlers/ElementHandler"
  },
  "obj_viewer":[
  ],
  "finder":{
   "blocktype":"SubSystem",
   "masktype":"Extended Kalman Filter"
  }
 },
 {
  "sid":"IAEKF:3044",
  "className":"Simulink.Selector",
  "icon":"IAEKF2",
  "name":"Get SOC",
  "label":"Get SOC",
  "parent":"IAEKF:3040",
  "inspector":{
   "params":[
    "NumberOfDimensions",
    "IndexMode",
    "IndexOptionArray",
    "IndexParamArray",
    "OutputSizeArray",
    "InputPortWidth",
    "IndexOptions",
    "Indices",
    "OutputSizes",
    "SampleTime"
   ],
   "values":[
    "1",
    "One-based",
    "Index vector (dialog)",
    "1",
    "1",
    "3",
    "Index vector (dialog)",
    "1",
    "1",
    "-1"
   ],
   "tabs":[
    "Parameter Attributes",
    "-Other"
   ],
   "tabs_idx":[
    0,
    8
   ]
  },
  "viewer":{
   "jshandler":"webview/handlers/ElementHandler"
  },
  "obj_viewer":[
  ],
  "finder":{
   "blocktype":"Selector",
   "masktype":""
  }
 },
 {
  "sid":"IAEKF:3080",
  "className":"Simulink.Outport",
  "icon":"IAEKF2",
  "name":"SOC_EKF",
  "label":"SOC_EKF",
  "parent":"IAEKF:3040",
  "inspector":{
   "params":[
    "Port",
    "SignalName",
    "IconDisplay",
    "EnsureOutportIsVirtual",
    "OutMin",
    "OutMax",
    "OutDataTypeStr",
    "LockScale",
    "Unit",
    "PortDimensions",
    "VarSizeSig",
    "SampleTime",
    "SignalType",
    "BusOutputAsStruct",
    "BusVirtuality",
    "DataMode",
    "InitialOutput",
    "MustResolveToSignalObject",
    "OutputFunctionCall",
    "OutputWhenDisabled",
    "OutputWhenUnConnected",
    "OutputWhenUnconnectedValue",
    "SignalObject",
    "SourceOfInitialOutputValue",
    "StorageClass",
    "VectorParamsAs1DForOutWhenUnconnected"
   ],
   "values":[
    "1",
    "",
    "Port number",
    "off",
    "[]",
    "[]",
    "Inherit: auto",
    "off",
    "inherit",
    "-1",
    "Inherit",
    "-1",
    "auto",
    "off",
    "inherit",
    "inherit",
    "[]",
    "off",
    "off",
    "held",
    "off",
    "0",
    [
    ],
    "Dialog",
    "Auto",
    "on"
   ],
   "tabs":[
    "主要",
    "信号属性",
    "-Other"
   ],
   "tabs_idx":[
    0,
    4,
    13
   ]
  },
  "viewer":{
   "jshandler":"webview/handlers/ElementHandler"
  },
  "obj_viewer":[
  ],
  "finder":{
   "blocktype":"Outport",
   "masktype":""
  }
 },
 {
  "sid":"IAEKF:3045",
  "className":"Simulink.Scope",
  "icon":"IAEKF2",
  "name":"Scope",
  "label":"Scope",
  "parent":"IAEKF:3040",
  "inspector":[
  ],
  "viewer":{
   "jshandler":"webview/handlers/ElementHandler"
  },
  "obj_viewer":[
  ],
  "finder":{
   "blocktype":"Scope",
   "masktype":""
  }
 },
 {
  "sid":"IAEKF:3058",
  "className":"Simulink.SubSystem",
  "icon":"IAEKF1",
  "name":"Simulink Function - State Transition Function2",
  "label":"Simulink Function - State Transition Function2",
  "parent":"IAEKF:3040",
  "inspector":{
   "params":[
    "ShowPortLabels",
    "Permissions",
    "ErrorFcn",
    "PermitHierarchicalResolution",
    "TreatAsAtomicUnit",
    "TreatAsGroupedWhenPropagatingVariantConditions",
    "RTWSystemCode",
    "AllowZeroVariantControls",
    "AutoFrameSizeCalculation",
    "BlockChoice",
    "CompiledActiveChoiceBlock",
    "CompiledActiveChoiceControl",
    "ExecutionDomainType",
    "FunctionInterfaceSpec",
    "FunctionWithSeparateData",
    "IsSubsystemVirtual",
    "LabelModeActiveChoice",
    "Latency",
    "MemberBlocks",
    "MinAlgLoopOccurrences",
    "PartitionName",
    "PropagateVariantConditions",
    "RTWFcnName",
    "RTWFcnNameOpts",
    "RTWFileName",
    "RTWFileNameOpts",
    "RTWMemSecDataConstants",
    "RTWMemSecDataInternal",
    "RTWMemSecDataParameters",
    "RTWMemSecFuncExecute",
    "RTWMemSecFuncInitTerm",
    "ReferencedSubsystem",
    "ScheduleAs",
    "SetExecutionDomain",
    "SystemSampleTime",
    "TemplateBlock",
    "Variant",
    "VariantActivationTime",
    "VariantChoices",
    "VariantControl",
    "VariantControlMode"
   ],
   "values":[
    "FromPortIcon",
    "ReadWrite",
    "",
    "All",
    "on",
    "on",
    "Auto",
    "off",
    "off",
    "",
    "",
    "",
    "Deduce",
    "void_void",
    "off",
    "off",
    "",
    "0",
    "",
    "off",
    "",
    "off",
    "",
    "Auto",
    "",
    "Auto",
    "Inherit from model",
    "Inherit from model",
    "Inherit from model",
    "Inherit from model",
    "Inherit from model",
    "",
    "Sample time",
    "off",
    "-1",
    "",
    "off",
    "update diagram",
    [
    ],
    "",
    "expression"
   ],
   "tabs":[
    "主要",
    "代码生成",
    "-Other"
   ],
   "tabs_idx":[
    0,
    6,
    7
   ]
  },
  "viewer":{
   "jshandler":"webview/handlers/ElementHandler"
  },
  "obj_viewer":[
  ],
  "finder":{
   "blocktype":"SubSystem",
   "masktype":""
  }
 },
 {
  "sid":"IAEKF:3046",
  "className":"Simulink.SubSystem",
  "icon":"IAEKF1",
  "name":"Simulink Function - Measurement Function2",
  "label":"Simulink Function - Measurement Function2",
  "parent":"IAEKF:3040",
  "inspector":{
   "params":[
    "ShowPortLabels",
    "Permissions",
    "ErrorFcn",
    "PermitHierarchicalResolution",
    "TreatAsAtomicUnit",
    "TreatAsGroupedWhenPropagatingVariantConditions",
    "RTWSystemCode",
    "AllowZeroVariantControls",
    "AutoFrameSizeCalculation",
    "BlockChoice",
    "CompiledActiveChoiceBlock",
    "CompiledActiveChoiceControl",
    "ExecutionDomainType",
    "FunctionInterfaceSpec",
    "FunctionWithSeparateData",
    "IsSubsystemVirtual",
    "LabelModeActiveChoice",
    "Latency",
    "MemberBlocks",
    "MinAlgLoopOccurrences",
    "PartitionName",
    "PropagateVariantConditions",
    "RTWFcnName",
    "RTWFcnNameOpts",
    "RTWFileName",
    "RTWFileNameOpts",
    "RTWMemSecDataConstants",
    "RTWMemSecDataInternal",
    "RTWMemSecDataParameters",
    "RTWMemSecFuncExecute",
    "RTWMemSecFuncInitTerm",
    "ReferencedSubsystem",
    "ScheduleAs",
    "SetExecutionDomain",
    "SystemSampleTime",
    "TemplateBlock",
    "Variant",
    "VariantActivationTime",
    "VariantChoices",
    "VariantControl",
    "VariantControlMode"
   ],
   "values":[
    "FromPortIcon",
    "ReadWrite",
    "",
    "All",
    "on",
    "on",
    "Auto",
    "off",
    "off",
    "",
    "",
    "",
    "Deduce",
    "void_void",
    "off",
    "off",
    "",
    "0",
    "",
    "off",
    "",
    "off",
    "",
    "Auto",
    "",
    "Auto",
    "Inherit from model",
    "Inherit from model",
    "Inherit from model",
    "Inherit from model",
    "Inherit from model",
    "",
    "Sample time",
    "off",
    "-1",
    "",
    "off",
    "update diagram",
    [
    ],
    "",
    "expression"
   ],
   "tabs":[
    "主要",
    "代码生成",
    "-Other"
   ],
   "tabs_idx":[
    0,
    6,
    7
   ]
  },
  "viewer":{
   "jshandler":"webview/handlers/ElementHandler"
  },
  "obj_viewer":[
  ],
  "finder":{
   "blocktype":"SubSystem",
   "masktype":""
  }
 },
 {
  "sid":"IAEKF:3042#out:1",
  "className":"Simulink.Line",
  "icon":"IAEKF3",
  "name":"",
  "label":"",
  "parent":"IAEKF:3040",
  "inspector":{
   "params":[
    "SignalNameFromLabel",
    "MustResolveToSignal",
    "ShowPropagatedSignal",
    "DataLogging",
    "TestPoint",
    "SignalObjectPackage",
    "StorageClass",
    "Description",
    "documentLink"
   ],
   "values":[
    "",
    "off",
    "off",
    "off",
    "off",
    "Simulink",
    "Auto",
    "",
    ""
   ],
   "tabs":[
    "Parameter Attributes",
    "Logging and Accessibility",
    "Code Generation",
    "Documentation"
   ],
   "tabs_idx":[
    0,
    3,
    5,
    7
   ]
  },
  "viewer":{
   "jshandler":"webview/handlers/ElementHandler"
  },
  "obj_viewer":[
  ],
  "finder":[
  ]
 },
 {
  "sid":"IAEKF:3043#out:1",
  "className":"Simulink.Line",
  "icon":"IAEKF3",
  "name":"",
  "label":"",
  "parent":"IAEKF:3040",
  "inspector":{
   "params":[
    "SignalNameFromLabel",
    "MustResolveToSignal",
    "ShowPropagatedSignal",
    "DataLogging",
    "TestPoint",
    "SignalObjectPackage",
    "StorageClass",
    "Description",
    "documentLink"
   ],
   "values":[
    "",
    "off",
    "off",
    "off",
    "off",
    "Simulink",
    "Auto",
    "",
    ""
   ],
   "tabs":[
    "Parameter Attributes",
    "Logging and Accessibility",
    "Code Generation",
    "Documentation"
   ],
   "tabs_idx":[
    0,
    3,
    5,
    7
   ]
  },
  "viewer":{
   "jshandler":"webview/handlers/ElementHandler"
  },
  "obj_viewer":[
  ],
  "finder":[
  ]
 },
 {
  "sid":"IAEKF:3044#out:1",
  "className":"Simulink.Line",
  "icon":"IAEKF3",
  "name":"",
  "label":"",
  "parent":"IAEKF:3040",
  "inspector":{
   "params":[
    "SignalNameFromLabel",
    "MustResolveToSignal",
    "ShowPropagatedSignal",
    "DataLogging",
    "TestPoint",
    "SignalObjectPackage",
    "StorageClass",
    "Description",
    "documentLink"
   ],
   "values":[
    "",
    "off",
    "off",
    "off",
    "off",
    "Simulink",
    "Auto",
    "",
    ""
   ],
   "tabs":[
    "Parameter Attributes",
    "Logging and Accessibility",
    "Code Generation",
    "Documentation"
   ],
   "tabs_idx":[
    0,
    3,
    5,
    7
   ]
  },
  "viewer":{
   "jshandler":"webview/handlers/ElementHandler"
  },
  "obj_viewer":[
  ],
  "finder":[
  ]
 },
 {
  "sid":"IAEKF:3041#out:1",
  "className":"Simulink.Line",
  "icon":"IAEKF3",
  "name":"",
  "label":"",
  "parent":"IAEKF:3040",
  "inspector":{
   "params":[
    "SignalNameFromLabel",
    "MustResolveToSignal",
    "ShowPropagatedSignal",
    "DataLogging",
    "TestPoint",
    "SignalObjectPackage",
    "StorageClass",
    "Description",
    "documentLink"
   ],
   "values":[
    "",
    "off",
    "off",
    "off",
    "off",
    "Simulink",
    "Auto",
    "",
    ""
   ],
   "tabs":[
    "Parameter Attributes",
    "Logging and Accessibility",
    "Code Generation",
    "Documentation"
   ],
   "tabs_idx":[
    0,
    3,
    5,
    7
   ]
  },
  "viewer":{
   "jshandler":"webview/handlers/ElementHandler"
  },
  "obj_viewer":[
  ],
  "finder":[
  ]
 }
]