[
 {
  "sid":"IAEKF:3056",
  "className":"Simulink.ArgIn",
  "icon":"IAEKF2",
  "name":"x",
  "label":"x",
  "parent":"IAEKF:3046",
  "inspector":{
   "params":[
    "Port",
    "ArgumentName",
    "OutMin",
    "OutMax",
    "OutDataTypeStr",
    "LockScale",
    "PortDimensions",
    "SignalType"
   ],
   "values":[
    "1",
    "x",
    "[]",
    "[]",
    "double",
    "off",
    "3",
    "real"
   ],
   "tabs":[
    "主要",
    "信号属性"
   ],
   "tabs_idx":[
    0,
    2
   ]
  },
  "viewer":{
   "jshandler":"webview/handlers/ElementHandler"
  },
  "obj_viewer":[
  ],
  "finder":{
   "blocktype":"ArgIn",
   "masktype":""
  }
 },
 {
  "sid":"IAEKF:3048",
  "className":"Simulink.TriggerPort",
  "icon":"IAEKF2",
  "name":"batteryMeasurementFcn",
  "label":"batteryMeasurementFcn",
  "parent":"IAEKF:3046",
  "inspector":{
   "params":[
    "TriggerType",
    "IsSimulinkFunction",
    "FunctionName",
    "FunctionVisibility",
    "Variant",
    "VariantControl",
    "GeneratePreprocessorConditionals",
    "PortDimensions",
    "TriggerSignalSampleTime",
    "OutMin",
    "OutMax",
    "OutDataTypeStr",
    "Interpolate",
    "FunctionPrototype",
    "InitialTriggerSignalState",
    "OutputDataType",
    "PropagateVarSize",
    "QueueOption",
    "SampleTime",
    "SampleTimeType",
    "ScopeName",
    "ShowOutputPort",
    "StatesWhenEnabling",
    "ZeroCross"
   ],
   "values":[
    "function-call",
    "on",
    "batteryMeasurementFcn",
    "global",
    "off",
    "Variant",
    "off",
    "-1",
    "-1",
    "[]",
    "[]",
    "Inherit: auto",
    "on",
    "y = batteryMeasurementFcn(x)",
    "compatibility (no trigger on first evaluation)",
    "auto",
    "During execution",
    "One message at a time",
    "1",
    "triggered",
    "",
    "off",
    "held",
    "on"
   ],
   "tabs":[
    "主要",
    "信号属性",
    "-Other"
   ],
   "tabs_idx":[
    0,
    7,
    13
   ]
  },
  "viewer":{
   "jshandler":"webview/handlers/ElementHandler"
  },
  "obj_viewer":[
  ],
  "finder":{
   "blocktype":"TriggerPort",
   "masktype":""
  }
 },
 {
  "sid":"IAEKF:3051",
  "className":"Simulink.Selector",
  "icon":"IAEKF2",
  "name":"Get SOC",
  "label":"Get SOC",
  "parent":"IAEKF:3046",
  "inspector":{
   "params":[
    "NumberOfDimensions",
    "IndexMode",
    "IndexOptionArray",
    "IndexParamArray",
    "OutputSizeArray",
    "InputPortWidth",
    "IndexOptions",
    "Indices",
    "OutputSizes",
    "SampleTime"
   ],
   "values":[
    "1",
    "One-based",
    "Index vector (dialog)",
    "[1]",
    "1",
    "3",
    "Index vector (dialog)",
    "[1]",
    "1",
    "-1"
   ],
   "tabs":[
    "Parameter Attributes",
    "-Other"
   ],
   "tabs_idx":[
    0,
    8
   ]
  },
  "viewer":{
   "jshandler":"webview/handlers/ElementHandler"
  },
  "obj_viewer":[
  ],
  "finder":{
   "blocktype":"Selector",
   "masktype":""
  }
 },
 {
  "sid":"IAEKF:3052",
  "className":"Simulink.Selector",
  "icon":"IAEKF2",
  "name":"Get U1",
  "label":"Get U1",
  "parent":"IAEKF:3046",
  "inspector":{
   "params":[
    "NumberOfDimensions",
    "IndexMode",
    "IndexOptionArray",
    "IndexParamArray",
    "OutputSizeArray",
    "InputPortWidth",
    "IndexOptions",
    "Indices",
    "OutputSizes",
    "SampleTime"
   ],
   "values":[
    "1",
    "One-based",
    "Index vector (dialog)",
    "2",
    "1",
    "3",
    "Index vector (dialog)",
    "2",
    "1",
    "-1"
   ],
   "tabs":[
    "Parameter Attributes",
    "-Other"
   ],
   "tabs_idx":[
    0,
    8
   ]
  },
  "viewer":{
   "jshandler":"webview/handlers/ElementHandler"
  },
  "obj_viewer":[
  ],
  "finder":{
   "blocktype":"Selector",
   "masktype":""
  }
 },
 {
  "sid":"IAEKF:3057",
  "className":"Simulink.ArgOut",
  "icon":"IAEKF2",
  "name":"y",
  "label":"y",
  "parent":"IAEKF:3046",
  "inspector":{
   "params":[
    "Port",
    "ArgumentName",
    "OutMin",
    "OutMax",
    "OutDataTypeStr",
    "LockScale",
    "PortDimensions",
    "SignalType"
   ],
   "values":[
    "1",
    "y",
    "[]",
    "[]",
    "double",
    "off",
    "1",
    "real"
   ],
   "tabs":[
    "主要",
    "信号属性"
   ],
   "tabs_idx":[
    0,
    2
   ]
  },
  "viewer":{
   "jshandler":"webview/handlers/ElementHandler"
  },
  "obj_viewer":[
  ],
  "finder":{
   "blocktype":"ArgOut",
   "masktype":""
  }
 },
 {
  "sid":"IAEKF:3049",
  "className":"Simulink.Sum",
  "icon":"IAEKF2",
  "name":"Add1",
  "label":"Add1",
  "parent":"IAEKF:3046",
  "inspector":{
   "params":[
    "IconShape",
    "Inputs",
    "InputSameDT",
    "AccumDataTypeStr",
    "OutMin",
    "OutMax",
    "OutDataTypeStr",
    "LockScale",
    "RndMeth",
    "SaturateOnIntegerOverflow",
    "CollapseDim",
    "CollapseMode",
    "SampleTime"
   ],
   "values":[
    "rectangular",
    "+---",
    "off",
    "Inherit: Inherit via internal rule",
    "[]",
    "[]",
    "Inherit: Inherit via internal rule",
    "off",
    "Floor",
    "off",
    "1",
    "All dimensions",
    "-1"
   ],
   "tabs":[
    "主要",
    "信号属性",
    "-Other"
   ],
   "tabs_idx":[
    0,
    2,
    10
   ]
  },
  "viewer":{
   "jshandler":"webview/handlers/ElementHandler"
  },
  "obj_viewer":[
  ],
  "finder":{
   "blocktype":"Sum",
   "masktype":""
  }
 },
 {
  "sid":"IAEKF:3050",
  "className":"Simulink.Lookup_nD",
  "icon":"IAEKF2",
  "name":"Em",
  "label":"Em",
  "parent":"IAEKF:3046",
  "inspector":{
   "params":[
    "NumberOfTableDimensions",
    "DataSpecification",
    "BreakpointsSpecification",
    "Table",
    "TableSource",
    "BreakpointsForDimension1",
    "BreakpointsForDimension1Source",
    "InterpMethod",
    "ExtrapMethod",
    "IndexSearchMethod",
    "BeginIndexSearchUsingPreviousIndexResult",
    "DiagnosticForOutOfRangeInput",
    "UseOneInputPortForAllInputData",
    "RemoveProtectionInput",
    "SupportTunableTableSize",
    "TableDataTypeStr",
    "TableMin",
    "TableMax",
    "BreakpointsForDimension1DataTypeStr",
    "BreakpointsForDimension1Min",
    "BreakpointsForDimension1Max",
    "FractionDataTypeStr",
    "IntermediateResultsDataTypeStr",
    "OutDataTypeStr",
    "OutMin",
    "OutMax",
    "InternalRulePriority",
    "InputSameDT",
    "LockScale",
    "RndMeth",
    "SaturateOnIntegerOverflow",
    "ApplyFullPrecisionForLinearInterpolation",
    "BreakpointsForDimension10",
    "BreakpointsForDimension10DataTypeStr",
    "BreakpointsForDimension10FirstPoint",
    "BreakpointsForDimension10Max",
    "BreakpointsForDimension10Min",
    "BreakpointsForDimension10Spacing",
    "BreakpointsForDimension11",
    "BreakpointsForDimension11DataTypeStr",
    "BreakpointsForDimension11FirstPoint",
    "BreakpointsForDimension11Max",
    "BreakpointsForDimension11Min",
    "BreakpointsForDimension11Spacing",
    "BreakpointsForDimension12",
    "BreakpointsForDimension12DataTypeStr",
    "BreakpointsForDimension12FirstPoint",
    "BreakpointsForDimension12Max",
    "BreakpointsForDimension12Min",
    "BreakpointsForDimension12Spacing",
    "BreakpointsForDimension13",
    "BreakpointsForDimension13DataTypeStr",
    "BreakpointsForDimension13FirstPoint",
    "BreakpointsForDimension13Max",
    "BreakpointsForDimension13Min",
    "BreakpointsForDimension13Spacing",
    "BreakpointsForDimension14",
    "BreakpointsForDimension14DataTypeStr",
    "BreakpointsForDimension14FirstPoint",
    "BreakpointsForDimension14Max",
    "BreakpointsForDimension14Min",
    "BreakpointsForDimension14Spacing",
    "BreakpointsForDimension15",
    "BreakpointsForDimension15DataTypeStr",
    "BreakpointsForDimension15FirstPoint",
    "BreakpointsForDimension15Max",
    "BreakpointsForDimension15Min",
    "BreakpointsForDimension15Spacing",
    "BreakpointsForDimension16",
    "BreakpointsForDimension16DataTypeStr",
    "BreakpointsForDimension16FirstPoint",
    "BreakpointsForDimension16Max",
    "BreakpointsForDimension16Min",
    "BreakpointsForDimension16Spacing",
    "BreakpointsForDimension17",
    "BreakpointsForDimension17DataTypeStr",
    "BreakpointsForDimension17FirstPoint",
    "BreakpointsForDimension17Max",
    "BreakpointsForDimension17Min",
    "BreakpointsForDimension17Spacing",
    "BreakpointsForDimension18",
    "BreakpointsForDimension18DataTypeStr",
    "BreakpointsForDimension18FirstPoint",
    "BreakpointsForDimension18Max",
    "BreakpointsForDimension18Min",
    "BreakpointsForDimension18Spacing",
    "BreakpointsForDimension19",
    "BreakpointsForDimension19DataTypeStr",
    "BreakpointsForDimension19FirstPoint",
    "BreakpointsForDimension19Max",
    "BreakpointsForDimension19Min",
    "BreakpointsForDimension19Spacing",
    "BreakpointsForDimension1FirstPoint",
    "BreakpointsForDimension1Spacing",
    "BreakpointsForDimension2",
    "BreakpointsForDimension20",
    "BreakpointsForDimension20DataTypeStr",
    "BreakpointsForDimension20FirstPoint",
    "BreakpointsForDimension20Max",
    "BreakpointsForDimension20Min",
    "BreakpointsForDimension20Spacing",
    "BreakpointsForDimension21",
    "BreakpointsForDimension21DataTypeStr",
    "BreakpointsForDimension21FirstPoint",
    "BreakpointsForDimension21Max",
    "BreakpointsForDimension21Min",
    "BreakpointsForDimension21Spacing",
    "BreakpointsForDimension22",
    "BreakpointsForDimension22DataTypeStr",
    "BreakpointsForDimension22FirstPoint",
    "BreakpointsForDimension22Max",
    "BreakpointsForDimension22Min",
    "BreakpointsForDimension22Spacing",
    "BreakpointsForDimension23",
    "BreakpointsForDimension23DataTypeStr",
    "BreakpointsForDimension23FirstPoint",
    "BreakpointsForDimension23Max",
    "BreakpointsForDimension23Min",
    "BreakpointsForDimension23Spacing",
    "BreakpointsForDimension24",
    "BreakpointsForDimension24DataTypeStr",
    "BreakpointsForDimension24FirstPoint",
    "BreakpointsForDimension24Max",
    "BreakpointsForDimension24Min",
    "BreakpointsForDimension24Spacing",
    "BreakpointsForDimension25",
    "BreakpointsForDimension25DataTypeStr",
    "BreakpointsForDimension25FirstPoint",
    "BreakpointsForDimension25Max",
    "BreakpointsForDimension25Min",
    "BreakpointsForDimension25Spacing",
    "BreakpointsForDimension26",
    "BreakpointsForDimension26DataTypeStr",
    "BreakpointsForDimension26FirstPoint",
    "BreakpointsForDimension26Max",
    "BreakpointsForDimension26Min",
    "BreakpointsForDimension26Spacing",
    "BreakpointsForDimension27",
    "BreakpointsForDimension27DataTypeStr",
    "BreakpointsForDimension27FirstPoint",
    "BreakpointsForDimension27Max",
    "BreakpointsForDimension27Min",
    "BreakpointsForDimension27Spacing",
    "BreakpointsForDimension28",
    "BreakpointsForDimension28DataTypeStr",
    "BreakpointsForDimension28FirstPoint",
    "BreakpointsForDimension28Max",
    "BreakpointsForDimension28Min",
    "BreakpointsForDimension28Spacing",
    "BreakpointsForDimension29",
    "BreakpointsForDimension29DataTypeStr",
    "BreakpointsForDimension29FirstPoint",
    "BreakpointsForDimension29Max",
    "BreakpointsForDimension29Min",
    "BreakpointsForDimension29Spacing",
    "BreakpointsForDimension2DataTypeStr",
    "BreakpointsForDimension2FirstPoint",
    "BreakpointsForDimension2Max",
    "BreakpointsForDimension2Min",
    "BreakpointsForDimension2Source",
    "BreakpointsForDimension2Spacing",
    "BreakpointsForDimension3",
    "BreakpointsForDimension30",
    "BreakpointsForDimension30DataTypeStr",
    "BreakpointsForDimension30FirstPoint",
    "BreakpointsForDimension30Max",
    "BreakpointsForDimension30Min",
    "BreakpointsForDimension30Spacing",
    "BreakpointsForDimension3DataTypeStr",
    "BreakpointsForDimension3FirstPoint",
    "BreakpointsForDimension3Max",
    "BreakpointsForDimension3Min",
    "BreakpointsForDimension3Source",
    "BreakpointsForDimension3Spacing",
    "BreakpointsForDimension4",
    "BreakpointsForDimension4DataTypeStr",
    "BreakpointsForDimension4FirstPoint",
    "BreakpointsForDimension4Max",
    "BreakpointsForDimension4Min",
    "BreakpointsForDimension4Spacing",
    "BreakpointsForDimension5",
    "BreakpointsForDimension5DataTypeStr",
    "BreakpointsForDimension5FirstPoint",
    "BreakpointsForDimension5Max",
    "BreakpointsForDimension5Min",
    "BreakpointsForDimension5Spacing",
    "BreakpointsForDimension6",
    "BreakpointsForDimension6DataTypeStr",
    "BreakpointsForDimension6FirstPoint",
    "BreakpointsForDimension6Max",
    "BreakpointsForDimension6Min",
    "BreakpointsForDimension6Spacing",
    "BreakpointsForDimension7",
    "BreakpointsForDimension7DataTypeStr",
    "BreakpointsForDimension7FirstPoint",
    "BreakpointsForDimension7Max",
    "BreakpointsForDimension7Min",
    "BreakpointsForDimension7Spacing",
    "BreakpointsForDimension8",
    "BreakpointsForDimension8DataTypeStr",
    "BreakpointsForDimension8FirstPoint",
    "BreakpointsForDimension8Max",
    "BreakpointsForDimension8Min",
    "BreakpointsForDimension8Spacing",
    "BreakpointsForDimension9",
    "BreakpointsForDimension9DataTypeStr",
    "BreakpointsForDimension9FirstPoint",
    "BreakpointsForDimension9Max",
    "BreakpointsForDimension9Min",
    "BreakpointsForDimension9Spacing",
    "LookupTableObject",
    "MaximumIndicesForEachDimension",
    "SampleTime",
    "UseLastTableValue"
   ],
   "values":[
    "1",
    "Table and breakpoints",
    "Explicit values",
    "Em",
    "Dialog",
    "SOC_LUT",
    "Dialog",
    "Linear point-slope",
    "Linear",
    "Binary search",
    "off",
    "None",
    "off",
    "off",
    "off",
    "Inherit: Same as output",
    "[]",
    "[]",
    "Inherit: Same as corresponding input",
    "[]",
    "[]",
    "Inherit: Inherit via internal rule",
    "Inherit: Same as output",
    "Inherit: Same as first input",
    "[]",
    "[]",
    "Speed",
    "on",
    "off",
    "Simplest",
    "off",
    "off",
    "[1:3]",
    "Inherit: Same as corresponding input",
    "1",
    "[]",
    "[]",
    "1",
    "[1:3]",
    "Inherit: Same as corresponding input",
    "1",
    "[]",
    "[]",
    "1",
    "[1:3]",
    "Inherit: Same as corresponding input",
    "1",
    "[]",
    "[]",
    "1",
    "[1:3]",
    "Inherit: Same as corresponding input",
    "1",
    "[]",
    "[]",
    "1",
    "[1:3]",
    "Inherit: Same as corresponding input",
    "1",
    "[]",
    "[]",
    "1",
    "[1:3]",
    "Inherit: Same as corresponding input",
    "1",
    "[]",
    "[]",
    "1",
    "[1:3]",
    "Inherit: Same as corresponding input",
    "1",
    "[]",
    "[]",
    "1",
    "[1:3]",
    "Inherit: Same as corresponding input",
    "1",
    "[]",
    "[]",
    "1",
    "[1:3]",
    "Inherit: Same as corresponding input",
    "1",
    "[]",
    "[]",
    "1",
    "[1:3]",
    "Inherit: Same as corresponding input",
    "1",
    "[]",
    "[]",
    "1",
    "1",
    "1",
    "Battery.Temperature_LUT",
    "[1:3]",
    "Inherit: Same as corresponding input",
    "1",
    "[]",
    "[]",
    "1",
    "[1:3]",
    "Inherit: Same as corresponding input",
    "1",
    "[]",
    "[]",
    "1",
    "[1:3]",
    "Inherit: Same as corresponding input",
    "1",
    "[]",
    "[]",
    "1",
    "[1:3]",
    "Inherit: Same as corresponding input",
    "1",
    "[]",
    "[]",
    "1",
    "[1:3]",
    "Inherit: Same as corresponding input",
    "1",
    "[]",
    "[]",
    "1",
    "[1:3]",
    "Inherit: Same as corresponding input",
    "1",
    "[]",
    "[]",
    "1",
    "[1:3]",
    "Inherit: Same as corresponding input",
    "1",
    "[]",
    "[]",
    "1",
    "[1:3]",
    "Inherit: Same as corresponding input",
    "1",
    "[]",
    "[]",
    "1",
    "[1:3]",
    "Inherit: Same as corresponding input",
    "1",
    "[]",
    "[]",
    "1",
    "[1:3]",
    "Inherit: Same as corresponding input",
    "1",
    "[]",
    "[]",
    "1",
    "Inherit: Same as corresponding input",
    "1",
    "[]",
    "[]",
    "Dialog",
    "1",
    "[1:3]",
    "[1:3]",
    "Inherit: Same as corresponding input",
    "1",
    "[]",
    "[]",
    "1",
    "Inherit: Same as corresponding input",
    "1",
    "[]",
    "[]",
    "Dialog",
    "1",
    "[1:3]",
    "Inherit: Same as corresponding input",
    "1",
    "[]",
    "[]",
    "1",
    "[1:3]",
    "Inherit: Same as corresponding input",
    "1",
    "[]",
    "[]",
    "1",
    "[1:3]",
    "Inherit: Same as corresponding input",
    "1",
    "[]",
    "[]",
    "1",
    "[1:3]",
    "Inherit: Same as corresponding input",
    "1",
    "[]",
    "[]",
    "1",
    "[1:3]",
    "Inherit: Same as corresponding input",
    "1",
    "[]",
    "[]",
    "1",
    "[1:3]",
    "Inherit: Same as corresponding input",
    "1",
    "[]",
    "[]",
    "1",
    "",
    "[]",
    "-1",
    "off"
   ],
   "tabs":[
    "表和断点",
    "算法",
    "数据类型",
    "-Other"
   ],
   "tabs_idx":[
    0,
    7,
    15,
    31
   ]
  },
  "viewer":{
   "jshandler":"webview/handlers/ElementHandler"
  },
  "obj_viewer":[
  ],
  "finder":{
   "blocktype":"Lookup_n-D",
   "masktype":""
  }
 },
 {
  "sid":"IAEKF:3047",
  "className":"Simulink.Inport",
  "icon":"IAEKF2",
  "name":"Current",
  "label":"Current",
  "parent":"IAEKF:3046",
  "inspector":{
   "params":[
    "Port",
    "IconDisplay",
    "LatchByDelayingOutsideSignal",
    "LatchInputForFeedbackSignals",
    "Interpolate",
    "OutputFunctionCall",
    "OutMin",
    "OutMax",
    "OutDataTypeStr",
    "LockScale",
    "Unit",
    "PortDimensions",
    "VarSizeSig",
    "SampleTime",
    "SignalType",
    "BusOutputAsStruct",
    "BusVirtuality",
    "DataMode",
    "InputConnect",
    "MessageQueueCapacity",
    "MessageQueueOverwriting",
    "MessageQueueType",
    "MessageQueueUseDefaultAttributes"
   ],
   "values":[
    "1",
    "Port number",
    "off",
    "off",
    "on",
    "off",
    "[]",
    "[]",
    "Inherit: auto",
    "off",
    "inherit",
    "-1",
    "Inherit",
    "-1",
    "auto",
    "off",
    "inherit",
    "inherit",
    "",
    "1",
    "on",
    "LIFO",
    "on"
   ],
   "tabs":[
    "主要",
    "信号属性",
    "-Other"
   ],
   "tabs_idx":[
    0,
    5,
    15
   ]
  },
  "viewer":{
   "jshandler":"webview/handlers/ElementHandler"
  },
  "obj_viewer":[
  ],
  "finder":{
   "blocktype":"Inport",
   "masktype":""
  }
 },
 {
  "sid":"IAEKF:3054",
  "className":"Simulink.Product",
  "icon":"IAEKF2",
  "name":"Product",
  "label":"Product",
  "parent":"IAEKF:3046",
  "inspector":{
   "params":[
    "Inputs",
    "Multiplication",
    "InputSameDT",
    "OutMin",
    "OutMax",
    "OutDataTypeStr",
    "LockScale",
    "RndMeth",
    "SaturateOnIntegerOverflow",
    "CollapseDim",
    "CollapseMode",
    "SampleTime"
   ],
   "values":[
    "2",
    "Element-wise(.*)",
    "off",
    "[]",
    "[]",
    "Inherit: Inherit via internal rule",
    "off",
    "Floor",
    "off",
    "1",
    "All dimensions",
    "-1"
   ],
   "tabs":[
    "主要",
    "信号属性",
    "-Other"
   ],
   "tabs_idx":[
    0,
    2,
    9
   ]
  },
  "viewer":{
   "jshandler":"webview/handlers/ElementHandler"
  },
  "obj_viewer":[
  ],
  "finder":{
   "blocktype":"Product",
   "masktype":""
  }
 },
 {
  "sid":"IAEKF:3055",
  "className":"Simulink.Lookup_nD",
  "icon":"IAEKF2",
  "name":"R0",
  "label":"R0",
  "parent":"IAEKF:3046",
  "inspector":{
   "params":[
    "NumberOfTableDimensions",
    "DataSpecification",
    "BreakpointsSpecification",
    "Table",
    "TableSource",
    "BreakpointsForDimension1",
    "BreakpointsForDimension1Source",
    "InterpMethod",
    "ExtrapMethod",
    "IndexSearchMethod",
    "BeginIndexSearchUsingPreviousIndexResult",
    "DiagnosticForOutOfRangeInput",
    "UseOneInputPortForAllInputData",
    "RemoveProtectionInput",
    "SupportTunableTableSize",
    "TableDataTypeStr",
    "TableMin",
    "TableMax",
    "BreakpointsForDimension1DataTypeStr",
    "BreakpointsForDimension1Min",
    "BreakpointsForDimension1Max",
    "FractionDataTypeStr",
    "IntermediateResultsDataTypeStr",
    "OutDataTypeStr",
    "OutMin",
    "OutMax",
    "InternalRulePriority",
    "InputSameDT",
    "LockScale",
    "RndMeth",
    "SaturateOnIntegerOverflow",
    "ApplyFullPrecisionForLinearInterpolation",
    "BreakpointsForDimension10",
    "BreakpointsForDimension10DataTypeStr",
    "BreakpointsForDimension10FirstPoint",
    "BreakpointsForDimension10Max",
    "BreakpointsForDimension10Min",
    "BreakpointsForDimension10Spacing",
    "BreakpointsForDimension11",
    "BreakpointsForDimension11DataTypeStr",
    "BreakpointsForDimension11FirstPoint",
    "BreakpointsForDimension11Max",
    "BreakpointsForDimension11Min",
    "BreakpointsForDimension11Spacing",
    "BreakpointsForDimension12",
    "BreakpointsForDimension12DataTypeStr",
    "BreakpointsForDimension12FirstPoint",
    "BreakpointsForDimension12Max",
    "BreakpointsForDimension12Min",
    "BreakpointsForDimension12Spacing",
    "BreakpointsForDimension13",
    "BreakpointsForDimension13DataTypeStr",
    "BreakpointsForDimension13FirstPoint",
    "BreakpointsForDimension13Max",
    "BreakpointsForDimension13Min",
    "BreakpointsForDimension13Spacing",
    "BreakpointsForDimension14",
    "BreakpointsForDimension14DataTypeStr",
    "BreakpointsForDimension14FirstPoint",
    "BreakpointsForDimension14Max",
    "BreakpointsForDimension14Min",
    "BreakpointsForDimension14Spacing",
    "BreakpointsForDimension15",
    "BreakpointsForDimension15DataTypeStr",
    "BreakpointsForDimension15FirstPoint",
    "BreakpointsForDimension15Max",
    "BreakpointsForDimension15Min",
    "BreakpointsForDimension15Spacing",
    "BreakpointsForDimension16",
    "BreakpointsForDimension16DataTypeStr",
    "BreakpointsForDimension16FirstPoint",
    "BreakpointsForDimension16Max",
    "BreakpointsForDimension16Min",
    "BreakpointsForDimension16Spacing",
    "BreakpointsForDimension17",
    "BreakpointsForDimension17DataTypeStr",
    "BreakpointsForDimension17FirstPoint",
    "BreakpointsForDimension17Max",
    "BreakpointsForDimension17Min",
    "BreakpointsForDimension17Spacing",
    "BreakpointsForDimension18",
    "BreakpointsForDimension18DataTypeStr",
    "BreakpointsForDimension18FirstPoint",
    "BreakpointsForDimension18Max",
    "BreakpointsForDimension18Min",
    "BreakpointsForDimension18Spacing",
    "BreakpointsForDimension19",
    "BreakpointsForDimension19DataTypeStr",
    "BreakpointsForDimension19FirstPoint",
    "BreakpointsForDimension19Max",
    "BreakpointsForDimension19Min",
    "BreakpointsForDimension19Spacing",
    "BreakpointsForDimension1FirstPoint",
    "BreakpointsForDimension1Spacing",
    "BreakpointsForDimension2",
    "BreakpointsForDimension20",
    "BreakpointsForDimension20DataTypeStr",
    "BreakpointsForDimension20FirstPoint",
    "BreakpointsForDimension20Max",
    "BreakpointsForDimension20Min",
    "BreakpointsForDimension20Spacing",
    "BreakpointsForDimension21",
    "BreakpointsForDimension21DataTypeStr",
    "BreakpointsForDimension21FirstPoint",
    "BreakpointsForDimension21Max",
    "BreakpointsForDimension21Min",
    "BreakpointsForDimension21Spacing",
    "BreakpointsForDimension22",
    "BreakpointsForDimension22DataTypeStr",
    "BreakpointsForDimension22FirstPoint",
    "BreakpointsForDimension22Max",
    "BreakpointsForDimension22Min",
    "BreakpointsForDimension22Spacing",
    "BreakpointsForDimension23",
    "BreakpointsForDimension23DataTypeStr",
    "BreakpointsForDimension23FirstPoint",
    "BreakpointsForDimension23Max",
    "BreakpointsForDimension23Min",
    "BreakpointsForDimension23Spacing",
    "BreakpointsForDimension24",
    "BreakpointsForDimension24DataTypeStr",
    "BreakpointsForDimension24FirstPoint",
    "BreakpointsForDimension24Max",
    "BreakpointsForDimension24Min",
    "BreakpointsForDimension24Spacing",
    "BreakpointsForDimension25",
    "BreakpointsForDimension25DataTypeStr",
    "BreakpointsForDimension25FirstPoint",
    "BreakpointsForDimension25Max",
    "BreakpointsForDimension25Min",
    "BreakpointsForDimension25Spacing",
    "BreakpointsForDimension26",
    "BreakpointsForDimension26DataTypeStr",
    "BreakpointsForDimension26FirstPoint",
    "BreakpointsForDimension26Max",
    "BreakpointsForDimension26Min",
    "BreakpointsForDimension26Spacing",
    "BreakpointsForDimension27",
    "BreakpointsForDimension27DataTypeStr",
    "BreakpointsForDimension27FirstPoint",
    "BreakpointsForDimension27Max",
    "BreakpointsForDimension27Min",
    "BreakpointsForDimension27Spacing",
    "BreakpointsForDimension28",
    "BreakpointsForDimension28DataTypeStr",
    "BreakpointsForDimension28FirstPoint",
    "BreakpointsForDimension28Max",
    "BreakpointsForDimension28Min",
    "BreakpointsForDimension28Spacing",
    "BreakpointsForDimension29",
    "BreakpointsForDimension29DataTypeStr",
    "BreakpointsForDimension29FirstPoint",
    "BreakpointsForDimension29Max",
    "BreakpointsForDimension29Min",
    "BreakpointsForDimension29Spacing",
    "BreakpointsForDimension2DataTypeStr",
    "BreakpointsForDimension2FirstPoint",
    "BreakpointsForDimension2Max",
    "BreakpointsForDimension2Min",
    "BreakpointsForDimension2Source",
    "BreakpointsForDimension2Spacing",
    "BreakpointsForDimension3",
    "BreakpointsForDimension30",
    "BreakpointsForDimension30DataTypeStr",
    "BreakpointsForDimension30FirstPoint",
    "BreakpointsForDimension30Max",
    "BreakpointsForDimension30Min",
    "BreakpointsForDimension30Spacing",
    "BreakpointsForDimension3DataTypeStr",
    "BreakpointsForDimension3FirstPoint",
    "BreakpointsForDimension3Max",
    "BreakpointsForDimension3Min",
    "BreakpointsForDimension3Source",
    "BreakpointsForDimension3Spacing",
    "BreakpointsForDimension4",
    "BreakpointsForDimension4DataTypeStr",
    "BreakpointsForDimension4FirstPoint",
    "BreakpointsForDimension4Max",
    "BreakpointsForDimension4Min",
    "BreakpointsForDimension4Spacing",
    "BreakpointsForDimension5",
    "BreakpointsForDimension5DataTypeStr",
    "BreakpointsForDimension5FirstPoint",
    "BreakpointsForDimension5Max",
    "BreakpointsForDimension5Min",
    "BreakpointsForDimension5Spacing",
    "BreakpointsForDimension6",
    "BreakpointsForDimension6DataTypeStr",
    "BreakpointsForDimension6FirstPoint",
    "BreakpointsForDimension6Max",
    "BreakpointsForDimension6Min",
    "BreakpointsForDimension6Spacing",
    "BreakpointsForDimension7",
    "BreakpointsForDimension7DataTypeStr",
    "BreakpointsForDimension7FirstPoint",
    "BreakpointsForDimension7Max",
    "BreakpointsForDimension7Min",
    "BreakpointsForDimension7Spacing",
    "BreakpointsForDimension8",
    "BreakpointsForDimension8DataTypeStr",
    "BreakpointsForDimension8FirstPoint",
    "BreakpointsForDimension8Max",
    "BreakpointsForDimension8Min",
    "BreakpointsForDimension8Spacing",
    "BreakpointsForDimension9",
    "BreakpointsForDimension9DataTypeStr",
    "BreakpointsForDimension9FirstPoint",
    "BreakpointsForDimension9Max",
    "BreakpointsForDimension9Min",
    "BreakpointsForDimension9Spacing",
    "LookupTableObject",
    "MaximumIndicesForEachDimension",
    "SampleTime",
    "UseLastTableValue"
   ],
   "values":[
    "1",
    "Table and breakpoints",
    "Explicit values",
    "R0",
    "Dialog",
    "SOC_LUT",
    "Dialog",
    "Linear point-slope",
    "Linear",
    "Binary search",
    "off",
    "None",
    "off",
    "off",
    "off",
    "Inherit: Same as output",
    "[]",
    "[]",
    "Inherit: Same as corresponding input",
    "[]",
    "[]",
    "Inherit: Inherit via internal rule",
    "Inherit: Same as output",
    "Inherit: Same as first input",
    "[]",
    "[]",
    "Speed",
    "on",
    "off",
    "Simplest",
    "off",
    "off",
    "[1:3]",
    "Inherit: Same as corresponding input",
    "1",
    "[]",
    "[]",
    "1",
    "[1:3]",
    "Inherit: Same as corresponding input",
    "1",
    "[]",
    "[]",
    "1",
    "[1:3]",
    "Inherit: Same as corresponding input",
    "1",
    "[]",
    "[]",
    "1",
    "[1:3]",
    "Inherit: Same as corresponding input",
    "1",
    "[]",
    "[]",
    "1",
    "[1:3]",
    "Inherit: Same as corresponding input",
    "1",
    "[]",
    "[]",
    "1",
    "[1:3]",
    "Inherit: Same as corresponding input",
    "1",
    "[]",
    "[]",
    "1",
    "[1:3]",
    "Inherit: Same as corresponding input",
    "1",
    "[]",
    "[]",
    "1",
    "[1:3]",
    "Inherit: Same as corresponding input",
    "1",
    "[]",
    "[]",
    "1",
    "[1:3]",
    "Inherit: Same as corresponding input",
    "1",
    "[]",
    "[]",
    "1",
    "[1:3]",
    "Inherit: Same as corresponding input",
    "1",
    "[]",
    "[]",
    "1",
    "1",
    "1",
    "Battery.Temperature_LUT",
    "[1:3]",
    "Inherit: Same as corresponding input",
    "1",
    "[]",
    "[]",
    "1",
    "[1:3]",
    "Inherit: Same as corresponding input",
    "1",
    "[]",
    "[]",
    "1",
    "[1:3]",
    "Inherit: Same as corresponding input",
    "1",
    "[]",
    "[]",
    "1",
    "[1:3]",
    "Inherit: Same as corresponding input",
    "1",
    "[]",
    "[]",
    "1",
    "[1:3]",
    "Inherit: Same as corresponding input",
    "1",
    "[]",
    "[]",
    "1",
    "[1:3]",
    "Inherit: Same as corresponding input",
    "1",
    "[]",
    "[]",
    "1",
    "[1:3]",
    "Inherit: Same as corresponding input",
    "1",
    "[]",
    "[]",
    "1",
    "[1:3]",
    "Inherit: Same as corresponding input",
    "1",
    "[]",
    "[]",
    "1",
    "[1:3]",
    "Inherit: Same as corresponding input",
    "1",
    "[]",
    "[]",
    "1",
    "[1:3]",
    "Inherit: Same as corresponding input",
    "1",
    "[]",
    "[]",
    "1",
    "Inherit: Same as corresponding input",
    "1",
    "[]",
    "[]",
    "Dialog",
    "1",
    "[1:3]",
    "[1:3]",
    "Inherit: Same as corresponding input",
    "1",
    "[]",
    "[]",
    "1",
    "Inherit: Same as corresponding input",
    "1",
    "[]",
    "[]",
    "Dialog",
    "1",
    "[1:3]",
    "Inherit: Same as corresponding input",
    "1",
    "[]",
    "[]",
    "1",
    "[1:3]",
    "Inherit: Same as corresponding input",
    "1",
    "[]",
    "[]",
    "1",
    "[1:3]",
    "Inherit: Same as corresponding input",
    "1",
    "[]",
    "[]",
    "1",
    "[1:3]",
    "Inherit: Same as corresponding input",
    "1",
    "[]",
    "[]",
    "1",
    "[1:3]",
    "Inherit: Same as corresponding input",
    "1",
    "[]",
    "[]",
    "1",
    "[1:3]",
    "Inherit: Same as corresponding input",
    "1",
    "[]",
    "[]",
    "1",
    "",
    "[]",
    "-1",
    "off"
   ],
   "tabs":[
    "表和断点",
    "算法",
    "数据类型",
    "-Other"
   ],
   "tabs_idx":[
    0,
    7,
    15,
    31
   ]
  },
  "viewer":{
   "jshandler":"webview/handlers/ElementHandler"
  },
  "obj_viewer":[
  ],
  "finder":{
   "blocktype":"Lookup_n-D",
   "masktype":""
  }
 },
 {
  "sid":"IAEKF:3053",
  "className":"Simulink.Selector",
  "icon":"IAEKF2",
  "name":"Get U2",
  "label":"Get U2",
  "parent":"IAEKF:3046",
  "inspector":{
   "params":[
    "NumberOfDimensions",
    "IndexMode",
    "IndexOptionArray",
    "IndexParamArray",
    "OutputSizeArray",
    "InputPortWidth",
    "IndexOptions",
    "Indices",
    "OutputSizes",
    "SampleTime"
   ],
   "values":[
    "1",
    "One-based",
    "Index vector (dialog)",
    "3",
    "1",
    "3",
    "Index vector (dialog)",
    "3",
    "1",
    "-1"
   ],
   "tabs":[
    "Parameter Attributes",
    "-Other"
   ],
   "tabs_idx":[
    0,
    8
   ]
  },
  "viewer":{
   "jshandler":"webview/handlers/ElementHandler"
  },
  "obj_viewer":[
  ],
  "finder":{
   "blocktype":"Selector",
   "masktype":""
  }
 },
 {
  "sid":"IAEKF:3056#out:1",
  "className":"Simulink.Line",
  "icon":"IAEKF3",
  "name":"",
  "label":"",
  "parent":"IAEKF:3046",
  "inspector":{
   "params":[
    "SignalNameFromLabel",
    "MustResolveToSignal",
    "ShowPropagatedSignal",
    "DataLogging",
    "TestPoint",
    "SignalObjectPackage",
    "StorageClass",
    "Description",
    "documentLink"
   ],
   "values":[
    "",
    "off",
    "off",
    "off",
    "off",
    "Simulink",
    "Auto",
    "",
    ""
   ],
   "tabs":[
    "Parameter Attributes",
    "Logging and Accessibility",
    "Code Generation",
    "Documentation"
   ],
   "tabs_idx":[
    0,
    3,
    5,
    7
   ]
  },
  "viewer":{
   "jshandler":"webview/handlers/ElementHandler"
  },
  "obj_viewer":[
  ],
  "finder":[
  ]
 },
 {
  "sid":"IAEKF:3051#out:1",
  "className":"Simulink.Line",
  "icon":"IAEKF3",
  "name":"SOC",
  "label":"SOC",
  "parent":"IAEKF:3046",
  "inspector":{
   "params":[
    "SignalNameFromLabel",
    "MustResolveToSignal",
    "ShowPropagatedSignal",
    "DataLogging",
    "TestPoint",
    "SignalObjectPackage",
    "StorageClass",
    "Description",
    "documentLink"
   ],
   "values":[
    "SOC",
    "off",
    "off",
    "off",
    "off",
    "Simulink",
    "Auto",
    "",
    ""
   ],
   "tabs":[
    "Parameter Attributes",
    "Logging and Accessibility",
    "Code Generation",
    "Documentation"
   ],
   "tabs_idx":[
    0,
    3,
    5,
    7
   ]
  },
  "viewer":{
   "jshandler":"webview/handlers/ElementHandler"
  },
  "obj_viewer":[
  ],
  "finder":[
  ]
 },
 {
  "sid":"IAEKF:3050#out:1",
  "className":"Simulink.Line",
  "icon":"IAEKF3",
  "name":"",
  "label":"",
  "parent":"IAEKF:3046",
  "inspector":{
   "params":[
    "SignalNameFromLabel",
    "MustResolveToSignal",
    "ShowPropagatedSignal",
    "DataLogging",
    "TestPoint",
    "SignalObjectPackage",
    "StorageClass",
    "Description",
    "documentLink"
   ],
   "values":[
    "",
    "off",
    "off",
    "off",
    "off",
    "Simulink",
    "Auto",
    "",
    ""
   ],
   "tabs":[
    "Parameter Attributes",
    "Logging and Accessibility",
    "Code Generation",
    "Documentation"
   ],
   "tabs_idx":[
    0,
    3,
    5,
    7
   ]
  },
  "viewer":{
   "jshandler":"webview/handlers/ElementHandler"
  },
  "obj_viewer":[
  ],
  "finder":[
  ]
 },
 {
  "sid":"IAEKF:3049#out:1",
  "className":"Simulink.Line",
  "icon":"IAEKF3",
  "name":"",
  "label":"",
  "parent":"IAEKF:3046",
  "inspector":{
   "params":[
    "SignalNameFromLabel",
    "MustResolveToSignal",
    "ShowPropagatedSignal",
    "DataLogging",
    "TestPoint",
    "SignalObjectPackage",
    "StorageClass",
    "Description",
    "documentLink"
   ],
   "values":[
    "",
    "off",
    "off",
    "off",
    "off",
    "Simulink",
    "Auto",
    "",
    ""
   ],
   "tabs":[
    "Parameter Attributes",
    "Logging and Accessibility",
    "Code Generation",
    "Documentation"
   ],
   "tabs_idx":[
    0,
    3,
    5,
    7
   ]
  },
  "viewer":{
   "jshandler":"webview/handlers/ElementHandler"
  },
  "obj_viewer":[
  ],
  "finder":[
  ]
 },
 {
  "sid":"IAEKF:3055#out:1",
  "className":"Simulink.Line",
  "icon":"IAEKF3",
  "name":"",
  "label":"",
  "parent":"IAEKF:3046",
  "inspector":{
   "params":[
    "SignalNameFromLabel",
    "MustResolveToSignal",
    "ShowPropagatedSignal",
    "DataLogging",
    "TestPoint",
    "SignalObjectPackage",
    "StorageClass",
    "Description",
    "documentLink"
   ],
   "values":[
    "",
    "off",
    "off",
    "off",
    "off",
    "Simulink",
    "Auto",
    "",
    ""
   ],
   "tabs":[
    "Parameter Attributes",
    "Logging and Accessibility",
    "Code Generation",
    "Documentation"
   ],
   "tabs_idx":[
    0,
    3,
    5,
    7
   ]
  },
  "viewer":{
   "jshandler":"webview/handlers/ElementHandler"
  },
  "obj_viewer":[
  ],
  "finder":[
  ]
 },
 {
  "sid":"IAEKF:3047#out:1",
  "className":"Simulink.Line",
  "icon":"IAEKF3",
  "name":"",
  "label":"",
  "parent":"IAEKF:3046",
  "inspector":{
   "params":[
    "SignalNameFromLabel",
    "MustResolveToSignal",
    "ShowPropagatedSignal",
    "DataLogging",
    "TestPoint",
    "SignalObjectPackage",
    "StorageClass",
    "Description",
    "documentLink"
   ],
   "values":[
    "",
    "off",
    "off",
    "off",
    "off",
    "Simulink",
    "Auto",
    "",
    ""
   ],
   "tabs":[
    "Parameter Attributes",
    "Logging and Accessibility",
    "Code Generation",
    "Documentation"
   ],
   "tabs_idx":[
    0,
    3,
    5,
    7
   ]
  },
  "viewer":{
   "jshandler":"webview/handlers/ElementHandler"
  },
  "obj_viewer":[
  ],
  "finder":[
  ]
 },
 {
  "sid":"IAEKF:3054#out:1",
  "className":"Simulink.Line",
  "icon":"IAEKF3",
  "name":"",
  "label":"",
  "parent":"IAEKF:3046",
  "inspector":{
   "params":[
    "SignalNameFromLabel",
    "MustResolveToSignal",
    "ShowPropagatedSignal",
    "DataLogging",
    "TestPoint",
    "SignalObjectPackage",
    "StorageClass",
    "Description",
    "documentLink"
   ],
   "values":[
    "",
    "off",
    "off",
    "off",
    "off",
    "Simulink",
    "Auto",
    "",
    ""
   ],
   "tabs":[
    "Parameter Attributes",
    "Logging and Accessibility",
    "Code Generation",
    "Documentation"
   ],
   "tabs_idx":[
    0,
    3,
    5,
    7
   ]
  },
  "viewer":{
   "jshandler":"webview/handlers/ElementHandler"
  },
  "obj_viewer":[
  ],
  "finder":[
  ]
 },
 {
  "sid":"IAEKF:3053#out:1",
  "className":"Simulink.Line",
  "icon":"IAEKF3",
  "name":"",
  "label":"",
  "parent":"IAEKF:3046",
  "inspector":{
   "params":[
    "SignalNameFromLabel",
    "MustResolveToSignal",
    "ShowPropagatedSignal",
    "DataLogging",
    "TestPoint",
    "SignalObjectPackage",
    "StorageClass",
    "Description",
    "documentLink"
   ],
   "values":[
    "",
    "off",
    "off",
    "off",
    "off",
    "Simulink",
    "Auto",
    "",
    ""
   ],
   "tabs":[
    "Parameter Attributes",
    "Logging and Accessibility",
    "Code Generation",
    "Documentation"
   ],
   "tabs_idx":[
    0,
    3,
    5,
    7
   ]
  },
  "viewer":{
   "jshandler":"webview/handlers/ElementHandler"
  },
  "obj_viewer":[
  ],
  "finder":[
  ]
 },
 {
  "sid":"IAEKF:3052#out:1",
  "className":"Simulink.Line",
  "icon":"IAEKF3",
  "name":"U1",
  "label":"U1",
  "parent":"IAEKF:3046",
  "inspector":{
   "params":[
    "SignalNameFromLabel",
    "MustResolveToSignal",
    "ShowPropagatedSignal",
    "DataLogging",
    "TestPoint",
    "SignalObjectPackage",
    "StorageClass",
    "Description",
    "documentLink"
   ],
   "values":[
    "U1",
    "off",
    "off",
    "off",
    "off",
    "Simulink",
    "Auto",
    "",
    ""
   ],
   "tabs":[
    "Parameter Attributes",
    "Logging and Accessibility",
    "Code Generation",
    "Documentation"
   ],
   "tabs_idx":[
    0,
    3,
    5,
    7
   ]
  },
  "viewer":{
   "jshandler":"webview/handlers/ElementHandler"
  },
  "obj_viewer":[
  ],
  "finder":[
  ]
 }
]